time,variable,measurement
0.000000e+00,gravitational_energy,0.000000e+00
0.000000e+00,acoustic_energy,0.000000e+00
0.000000e+00,acoustic_kinetic_energy,0.000000e+00
0.000000e+00,elastic_energy,0.000000e+00
0.000000e+00,elastic_kinetic_energy,0.000000e+00
0.000000e+00,momentumX,0.000000e+00
0.000000e+00,momentumY,0.000000e+00
0.000000e+00,momentumZ,0.000000e+00
0.000000e+00,plastic_moment,0.000000e+00
0.000000e+00,total_frictional_work,0.000000e+00
0.000000e+00,static_frictional_work,0.000000e+00
0.000000e+00,seismic_moment,0.000000e+00
0.000000e+00,potency,0.000000e+00
0.000000e+00,plastic_moment,0.000000e+00
1.000000e-02,gravitational_energy,0.000000e+00
1.000000e-02,acoustic_energy,0.000000e+00
1.000000e-02,acoustic_kinetic_energy,0.000000e+00
1.000000e-02,elastic_energy,1.893793e+07
1.000000e-02,elastic_kinetic_energy,1.444726e+07
1.000000e-02,momentumX,1.280569e-09
1.000000e-02,momentumY,1.286389e-08
1.000000e-02,momentumZ,8.316420e-09
1.000000e-02,plastic_moment,0.000000e+00
1.000000e-02,total_frictional_work,3.373593e+07
1.000000e-02,static_frictional_work,2.377174e+07
1.000000e-02,seismic_moment,3.278672e+11
1.000000e-02,potency,4.617849e+01
1.000000e-02,plastic_moment,0.000000e+00
2.000000e-02,gravitational_energy,0.000000e+00
2.000000e-02,acoustic_energy,0.000000e+00
2.000000e-02,acoustic_kinetic_energy,0.000000e+00
2.000000e-02,elastic_energy,1.169939e+08
2.000000e-02,elastic_kinetic_energy,7.326279e+07
2.000000e-02,momentumX,1.094304e-08
2.000000e-02,momentumY,-3.541936e-08
2.000000e-02,momentumZ,-8.178176e-09
2.000000e-02,plastic_moment,0.000000e+00
2.000000e-02,total_frictional_work,1.905722e+08
2.000000e-02,static_frictional_work,1.616072e+08
2.000000e-02,seismic_moment,9.820385e+11
2.000000e-02,potency,1.383151e+02
2.000000e-02,plastic_moment,0.000000e+00
3.000000e-02,gravitational_energy,0.000000e+00
3.000000e-02,acoustic_energy,0.000000e+00
3.000000e-02,acoustic_kinetic_energy,0.000000e+00
3.000000e-02,elastic_energy,5.136117e+08
3.000000e-02,elastic_kinetic_energy,2.690387e+08
3.000000e-02,momentumX,9.778887e-08
3.000000e-02,momentumY,-3.806781e-08
3.000000e-02,momentumZ,-1.098379e-07
3.000000e-02,plastic_moment,0.000000e+00
3.000000e-02,total_frictional_work,7.827929e+08
3.000000e-02,static_frictional_work,6.193986e+08
3.000000e-02,seismic_moment,2.260711e+12
3.000000e-02,potency,3.184066e+02
3.000000e-02,plastic_moment,0.000000e+00
4.000000e-02,gravitational_energy,0.000000e+00
4.000000e-02,acoustic_energy,0.000000e+00
4.000000e-02,acoustic_kinetic_energy,0.000000e+00
4.000000e-02,elastic_energy,1.109077e+09
4.000000e-02,elastic_kinetic_energy,4.467915e+08
4.000000e-02,momentumX,2.351822e-06
4.000000e-02,momentumY,1.755543e-07
4.000000e-02,momentumZ,1.201406e-07
4.000000e-02,plastic_moment,0.000000e+00
4.000000e-02,total_frictional_work,1.555235e+09
4.000000e-02,static_frictional_work,1.088486e+09
4.000000e-02,seismic_moment,3.882114e+12
4.000000e-02,potency,5.467579e+02
4.000000e-02,plastic_moment,0.000000e+00
5.000000e-02,gravitational_energy,0.000000e+00
5.000000e-02,acoustic_energy,0.000000e+00
5.000000e-02,acoustic_kinetic_energy,0.000000e+00
5.000000e-02,elastic_energy,1.659086e+09
5.000000e-02,elastic_kinetic_energy,5.613885e+08
5.000000e-02,momentumX,6.133690e-06
5.000000e-02,momentumY,1.174398e-06
5.000000e-02,momentumZ,9.741634e-07
5.000000e-02,plastic_moment,0.000000e+00
5.000000e-02,total_frictional_work,2.218793e+09
5.000000e-02,static_frictional_work,1.518355e+09
5.000000e-02,seismic_moment,5.659370e+12
5.000000e-02,potency,7.970346e+02
5.000000e-02,plastic_moment,0.000000e+00
6.000000e-02,gravitational_energy,0.000000e+00
6.000000e-02,acoustic_energy,0.000000e+00
6.000000e-02,acoustic_kinetic_energy,0.000000e+00
6.000000e-02,elastic_energy,2.176937e+09
6.000000e-02,elastic_kinetic_energy,6.656882e+08
6.000000e-02,momentumX,8.633360e-06
6.000000e-02,momentumY,2.502464e-06
6.000000e-02,momentumZ,-2.127141e-06
6.000000e-02,plastic_moment,0.000000e+00
6.000000e-02,total_frictional_work,2.840131e+09
6.000000e-02,static_frictional_work,1.958503e+09
6.000000e-02,seismic_moment,7.679768e+12
6.000000e-02,potency,1.081517e+03
6.000000e-02,plastic_moment,0.000000e+00
7.000000e-02,gravitational_energy,0.000000e+00
7.000000e-02,acoustic_energy,0.000000e+00
7.000000e-02,acoustic_kinetic_energy,0.000000e+00
7.000000e-02,elastic_energy,2.694798e+09
7.000000e-02,elastic_kinetic_energy,7.844708e+08
7.000000e-02,momentumX,-1.455843e-05
7.000000e-02,momentumY,3.264751e-06
7.000000e-02,momentumZ,8.530566e-06
7.000000e-02,plastic_moment,0.000000e+00
7.000000e-02,total_frictional_work,3.475427e+09
7.000000e-02,static_frictional_work,2.428920e+09
7.000000e-02,seismic_moment,1.002960e+13
7.000000e-02,potency,1.412335e+03
7.000000e-02,plastic_moment,0.000000e+00
8.000000e-02,gravitational_energy,0.000000e+00
8.000000e-02,acoustic_energy,0.000000e+00
8.000000e-02,acoustic_kinetic_energy,0.000000e+00
8.000000e-02,elastic_energy,3.243468e+09
8.000000e-02,elastic_kinetic_energy,9.263367e+08
8.000000e-02,momentumX,-2.563372e-05
8.000000e-02,momentumY,3.472669e-07
8.000000e-02,momentumZ,9.957701e-06
8.000000e-02,plastic_moment,0.000000e+00
8.000000e-02,total_frictional_work,4.163688e+09
8.000000e-02,static_frictional_work,2.950373e+09
8.000000e-02,seismic_moment,1.277133e+13
8.000000e-02,potency,1.798241e+03
8.000000e-02,plastic_moment,0.000000e+00
9.000000e-02,gravitational_energy,0.000000e+00
9.000000e-02,acoustic_energy,0.000000e+00
9.000000e-02,acoustic_kinetic_energy,0.000000e+00
9.000000e-02,elastic_energy,3.850990e+09
9.000000e-02,elastic_kinetic_energy,1.095362e+09
9.000000e-02,momentumX,-3.890693e-05
9.000000e-02,momentumY,6.930903e-06
9.000000e-02,momentumZ,2.429821e-05
9.000000e-02,plastic_moment,0.000000e+00
9.000000e-02,total_frictional_work,4.936895e+09
9.000000e-02,static_frictional_work,3.540769e+09
9.000000e-02,seismic_moment,1.604843e+13
9.000000e-02,potency,2.259323e+03
9.000000e-02,plastic_moment,0.000000e+00
1.000000e-01,gravitational_energy,0.000000e+00
1.000000e-01,acoustic_energy,0.000000e+00
1.000000e-01,acoustic_kinetic_energy,0.000000e+00
1.000000e-01,elastic_energy,4.550707e+09
1.000000e-01,elastic_kinetic_energy,1.292494e+09
1.000000e-01,momentumX,-7.546984e-05
1.000000e-01,momentumY,-7.297844e-06
1.000000e-01,momentumZ,2.737530e-05
1.000000e-01,plastic_moment,0.000000e+00
1.000000e-01,total_frictional_work,5.826909e+09
1.000000e-01,static_frictional_work,4.217750e+09
1.000000e-01,seismic_moment,1.988669e+13
1.000000e-01,potency,2.798187e+03
1.000000e-01,plastic_moment,0.000000e+00
1.100000e-01,gravitational_energy,0.000000e+00
1.100000e-01,acoustic_energy,0.000000e+00
1.100000e-01,acoustic_kinetic_energy,0.000000e+00
1.100000e-01,elastic_energy,5.363402e+09
1.100000e-01,elastic_kinetic_energy,1.511837e+09
1.100000e-01,momentumX,-1.002923e-04
1.100000e-01,momentumY,5.031005e-06
1.100000e-01,momentumZ,4.186016e-05
1.100000e-01,plastic_moment,0.000000e+00
1.100000e-01,total_frictional_work,6.850769e+09
1.100000e-01,static_frictional_work,4.990393e+09
1.100000e-01,seismic_moment,2.442587e+13
1.100000e-01,potency,3.423421e+03
1.100000e-01,plastic_moment,0.000000e+00
1.200000e-01,gravitational_energy,0.000000e+00
1.200000e-01,acoustic_energy,0.000000e+00
1.200000e-01,acoustic_kinetic_energy,0.000000e+00
1.200000e-01,elastic_energy,6.303120e+09
1.200000e-01,elastic_kinetic_energy,1.747769e+09
1.200000e-01,momentumX,-1.588538e-04
1.200000e-01,momentumY,-6.007263e-06
1.200000e-01,momentumZ,6.304216e-05
1.200000e-01,plastic_moment,0.000000e+00
1.200000e-01,total_frictional_work,8.020601e+09
1.200000e-01,static_frictional_work,5.855086e+09
1.200000e-01,seismic_moment,2.954860e+13
1.200000e-01,potency,4.119078e+03
1.200000e-01,plastic_moment,0.000000e+00
1.300000e-01,gravitational_energy,0.000000e+00
1.300000e-01,acoustic_energy,0.000000e+00
1.300000e-01,acoustic_kinetic_energy,0.000000e+00
1.300000e-01,elastic_energy,7.344683e+09
1.300000e-01,elastic_kinetic_energy,2.006291e+09
1.300000e-01,momentumX,-4.493259e-05
1.300000e-01,momentumY,3.864989e-06
1.300000e-01,momentumZ,5.765818e-05
1.300000e-01,plastic_moment,0.000000e+00
1.300000e-01,total_frictional_work,9.310140e+09
1.300000e-01,static_frictional_work,6.785841e+09
1.300000e-01,seismic_moment,3.501424e+13
1.300000e-01,potency,4.868629e+03
1.300000e-01,plastic_moment,0.000000e+00
1.400000e-01,gravitational_energy,0.000000e+00
1.400000e-01,acoustic_energy,0.000000e+00
1.400000e-01,acoustic_kinetic_energy,0.000000e+00
1.400000e-01,elastic_energy,8.460584e+09
1.400000e-01,elastic_kinetic_energy,2.304858e+09
1.400000e-01,momentumX,3.129597e-04
1.400000e-01,momentumY,-3.356859e-05
1.400000e-01,momentumZ,3.091618e-05
1.400000e-01,plastic_moment,0.000000e+00
1.400000e-01,total_frictional_work,1.071960e+10
1.400000e-01,static_frictional_work,7.791432e+09
1.400000e-01,seismic_moment,4.080226e+13
1.400000e-01,potency,5.669907e+03
1.400000e-01,plastic_moment,0.000000e+00
1.500000e-01,gravitational_energy,0.000000e+00
1.500000e-01,acoustic_energy,0.000000e+00
1.500000e-01,acoustic_kinetic_energy,0.000000e+00
1.500000e-01,elastic_energy,9.660835e+09
1.500000e-01,elastic_kinetic_energy,2.644222e+09
1.500000e-01,momentumX,7.402487e-04
1.500000e-01,momentumY,-6.239861e-05
1.500000e-01,momentumZ,-3.375113e-06
1.500000e-01,plastic_moment,0.000000e+00
1.500000e-01,total_frictional_work,1.225675e+10
1.500000e-01,static_frictional_work,8.861709e+09
1.500000e-01,seismic_moment,4.716383e+13
1.500000e-01,potency,6.553659e+03
1.500000e-01,plastic_moment,0.000000e+00
1.600000e-01,gravitational_energy,0.000000e+00
1.600000e-01,acoustic_energy,0.000000e+00
1.600000e-01,acoustic_kinetic_energy,0.000000e+00
1.600000e-01,elastic_energy,1.095032e+10
1.600000e-01,elastic_kinetic_energy,3.025000e+09
1.600000e-01,momentumX,1.210153e-03
1.600000e-01,momentumY,-1.024902e-04
1.600000e-01,momentumZ,4.190952e-08
1.600000e-01,plastic_moment,0.000000e+00
1.600000e-01,total_frictional_work,1.392103e+10
1.600000e-01,static_frictional_work,1.000684e+10
1.600000e-01,seismic_moment,5.410508e+13
1.600000e-01,potency,7.517858e+03
1.600000e-01,plastic_moment,0.000000e+00
1.700000e-01,gravitational_energy,0.000000e+00
1.700000e-01,acoustic_energy,0.000000e+00
1.700000e-01,acoustic_kinetic_energy,0.000000e+00
1.700000e-01,elastic_energy,1.234386e+10
1.700000e-01,elastic_kinetic_energy,3.446240e+09
1.700000e-01,momentumX,1.739196e-03
1.700000e-01,momentumY,-1.239106e-04
1.700000e-01,momentumZ,4.904345e-06
1.700000e-01,plastic_moment,0.000000e+00
1.700000e-01,total_frictional_work,1.573165e+10
1.700000e-01,static_frictional_work,1.124374e+10
1.700000e-01,seismic_moment,6.166307e+13
1.700000e-01,potency,8.567927e+03
1.700000e-01,plastic_moment,0.000000e+00
1.800000e-01,gravitational_energy,0.000000e+00
1.800000e-01,acoustic_energy,0.000000e+00
1.800000e-01,acoustic_kinetic_energy,0.000000e+00
1.800000e-01,elastic_energy,1.384812e+10
1.800000e-01,elastic_kinetic_energy,3.906547e+09
1.800000e-01,momentumX,2.269462e-03
1.800000e-01,momentumY,-5.421788e-05
1.800000e-01,momentumZ,5.730148e-05
1.800000e-01,plastic_moment,0.000000e+00
1.800000e-01,total_frictional_work,1.769606e+10
1.800000e-01,static_frictional_work,1.256897e+10
1.800000e-01,seismic_moment,6.971093e+13
1.800000e-01,potency,9.686460e+03
1.800000e-01,plastic_moment,0.000000e+00
1.900000e-01,gravitational_energy,0.000000e+00
1.900000e-01,acoustic_energy,0.000000e+00
1.900000e-01,acoustic_kinetic_energy,0.000000e+00
1.900000e-01,elastic_energy,1.556947e+10
1.900000e-01,elastic_kinetic_energy,4.259212e+09
1.900000e-01,momentumX,2.923485e-03
1.900000e-01,momentumY,2.803653e-05
1.900000e-01,momentumZ,1.269132e-04
1.900000e-01,plastic_moment,0.000000e+00
1.900000e-01,total_frictional_work,1.979213e+10
1.900000e-01,static_frictional_work,1.393499e+10
1.900000e-01,seismic_moment,7.793352e+13
1.900000e-01,potency,1.083046e+04
1.900000e-01,plastic_moment,0.000000e+00
2.000000e-01,gravitational_energy,0.000000e+00
2.000000e-01,acoustic_energy,0.000000e+00
2.000000e-01,acoustic_kinetic_energy,0.000000e+00
2.000000e-01,elastic_energy,1.734787e+10
2.000000e-01,elastic_kinetic_energy,4.482285e+09
2.000000e-01,momentumX,3.508627e-03
2.000000e-01,momentumY,9.475648e-05
2.000000e-01,momentumZ,1.568943e-04
2.000000e-01,plastic_moment,0.000000e+00
2.000000e-01,total_frictional_work,2.181878e+10
2.000000e-01,static_frictional_work,1.520763e+10
2.000000e-01,seismic_moment,8.583404e+13
2.000000e-01,potency,1.192965e+04
2.000000e-01,plastic_moment,0.000000e+00
2.100000e-01,gravitational_energy,0.000000e+00
2.100000e-01,acoustic_energy,0.000000e+00
2.100000e-01,acoustic_kinetic_energy,0.000000e+00
2.100000e-01,elastic_energy,1.906324e+10
2.100000e-01,elastic_kinetic_energy,4.638464e+09
2.100000e-01,momentumX,4.036367e-03
2.100000e-01,momentumY,7.586181e-05
2.100000e-01,momentumZ,2.037054e-04
2.100000e-01,plastic_moment,0.000000e+00
2.100000e-01,total_frictional_work,2.371753e+10
2.100000e-01,static_frictional_work,1.640712e+10
2.100000e-01,seismic_moment,9.330153e+13
2.100000e-01,potency,1.296980e+04
2.100000e-01,plastic_moment,0.000000e+00
2.200000e-01,gravitational_energy,0.000000e+00
2.200000e-01,acoustic_energy,0.000000e+00
2.200000e-01,acoustic_kinetic_energy,0.000000e+00
2.200000e-01,elastic_energy,2.064424e+10
2.200000e-01,elastic_kinetic_energy,4.833122e+09
2.200000e-01,momentumX,4.665364e-03
2.200000e-01,momentumY,7.939339e-05
2.200000e-01,momentumZ,2.258942e-04
2.200000e-01,plastic_moment,0.000000e+00
2.200000e-01,total_frictional_work,2.550254e+10
2.200000e-01,static_frictional_work,1.759894e+10
2.200000e-01,seismic_moment,1.004402e+14
2.200000e-01,potency,1.396699e+04
2.200000e-01,plastic_moment,0.000000e+00
2.300000e-01,gravitational_energy,0.000000e+00
2.300000e-01,acoustic_energy,0.000000e+00
2.300000e-01,acoustic_kinetic_energy,0.000000e+00
2.300000e-01,elastic_energy,2.214489e+10
2.300000e-01,elastic_kinetic_energy,5.049380e+09
2.300000e-01,momentumX,5.257964e-03
2.300000e-01,momentumY,1.021102e-05
2.300000e-01,momentumZ,2.277885e-04
2.300000e-01,plastic_moment,0.000000e+00
2.300000e-01,total_frictional_work,2.723139e+10
2.300000e-01,static_frictional_work,1.875617e+10
2.300000e-01,seismic_moment,1.073791e+14
2.300000e-01,potency,1.493846e+04
2.300000e-01,plastic_moment,0.000000e+00
2.400000e-01,gravitational_energy,0.000000e+00
2.400000e-01,acoustic_energy,0.000000e+00
2.400000e-01,acoustic_kinetic_energy,0.000000e+00
2.400000e-01,elastic_energy,2.359670e+10
2.400000e-01,elastic_kinetic_energy,5.267242e+09
2.400000e-01,momentumX,5.809247e-03
2.400000e-01,momentumY,-4.886463e-05
2.400000e-01,momentumZ,2.072565e-04
2.400000e-01,plastic_moment,0.000000e+00
2.400000e-01,total_frictional_work,2.891710e+10
2.400000e-01,static_frictional_work,1.987263e+10
2.400000e-01,seismic_moment,1.141986e+14
2.400000e-01,potency,1.589399e+04
2.400000e-01,plastic_moment,0.000000e+00
2.500000e-01,gravitational_energy,0.000000e+00
2.500000e-01,acoustic_energy,0.000000e+00
2.500000e-01,acoustic_kinetic_energy,0.000000e+00
2.500000e-01,elastic_energy,2.506092e+10
2.500000e-01,elastic_kinetic_energy,5.430552e+09
2.500000e-01,momentumX,6.476104e-03
2.500000e-01,momentumY,-7.945299e-05
2.500000e-01,momentumZ,1.816861e-04
2.500000e-01,plastic_moment,0.000000e+00
2.500000e-01,total_frictional_work,3.055811e+10
2.500000e-01,static_frictional_work,2.094341e+10
2.500000e-01,seismic_moment,1.208271e+14
2.500000e-01,potency,1.682304e+04
2.500000e-01,plastic_moment,0.000000e+00
2.600000e-01,gravitational_energy,0.000000e+00
2.600000e-01,acoustic_energy,0.000000e+00
2.600000e-01,acoustic_kinetic_energy,0.000000e+00
2.600000e-01,elastic_energy,2.653346e+10
2.600000e-01,elastic_kinetic_energy,5.446403e+09
2.600000e-01,momentumX,9.153292e-03
2.600000e-01,momentumY,-7.722117e-04
2.600000e-01,momentumZ,-1.044227e-04
2.600000e-01,plastic_moment,0.000000e+00
2.600000e-01,total_frictional_work,3.206319e+10
2.600000e-01,static_frictional_work,2.189373e+10
2.600000e-01,seismic_moment,1.267306e+14
2.600000e-01,potency,1.765058e+04
2.600000e-01,plastic_moment,0.000000e+00
2.700000e-01,gravitational_energy,0.000000e+00
2.700000e-01,acoustic_energy,0.000000e+00
2.700000e-01,acoustic_kinetic_energy,0.000000e+00
2.700000e-01,elastic_energy,2.791252e+10
2.700000e-01,elastic_kinetic_energy,5.350571e+09
2.700000e-01,momentumX,1.192540e-02
2.700000e-01,momentumY,-1.530439e-03
2.700000e-01,momentumZ,-4.265010e-04
2.700000e-01,plastic_moment,0.000000e+00
2.700000e-01,total_frictional_work,3.336087e+10
2.700000e-01,static_frictional_work,2.268256e+10
2.700000e-01,seismic_moment,1.317514e+14
2.700000e-01,potency,1.835431e+04
2.700000e-01,plastic_moment,0.000000e+00
2.800000e-01,gravitational_energy,0.000000e+00
2.800000e-01,acoustic_energy,0.000000e+00
2.800000e-01,acoustic_kinetic_energy,0.000000e+00
2.800000e-01,elastic_energy,2.915316e+10
2.800000e-01,elastic_kinetic_energy,5.151681e+09
2.800000e-01,momentumX,1.471812e-02
2.800000e-01,momentumY,-2.398350e-03
2.800000e-01,momentumZ,-7.986035e-04
2.800000e-01,plastic_moment,0.000000e+00
2.800000e-01,total_frictional_work,3.441562e+10
2.800000e-01,static_frictional_work,2.331587e+10
2.800000e-01,seismic_moment,1.357780e+14
2.800000e-01,potency,1.891844e+04
2.800000e-01,plastic_moment,0.000000e+00
2.900000e-01,gravitational_energy,0.000000e+00
2.900000e-01,acoustic_energy,0.000000e+00
2.900000e-01,acoustic_kinetic_energy,0.000000e+00
2.900000e-01,elastic_energy,3.022166e+10
2.900000e-01,elastic_kinetic_energy,4.870748e+09
2.900000e-01,momentumX,1.792350e-02
2.900000e-01,momentumY,-3.361076e-03
2.900000e-01,momentumZ,-1.077642e-03
2.900000e-01,plastic_moment,0.000000e+00
2.900000e-01,total_frictional_work,3.521624e+10
2.900000e-01,static_frictional_work,2.381209e+10
2.900000e-01,seismic_moment,1.388021e+14
2.900000e-01,potency,1.934174e+04
2.900000e-01,plastic_moment,0.000000e+00
3.000000e-01,gravitational_energy,0.000000e+00
3.000000e-01,acoustic_energy,0.000000e+00
3.000000e-01,acoustic_kinetic_energy,0.000000e+00
3.000000e-01,elastic_energy,3.106011e+10
3.000000e-01,elastic_kinetic_energy,4.558617e+09
3.000000e-01,momentumX,2.077001e-02
3.000000e-01,momentumY,-4.302626e-03
3.000000e-01,momentumZ,-1.387641e-03
3.000000e-01,plastic_moment,0.000000e+00
3.000000e-01,total_frictional_work,3.575233e+10
3.000000e-01,static_frictional_work,2.412815e+10
3.000000e-01,seismic_moment,1.407893e+14
3.000000e-01,potency,1.961933e+04
3.000000e-01,plastic_moment,0.000000e+00
3.100000e-01,gravitational_energy,0.000000e+00
3.100000e-01,acoustic_energy,0.000000e+00
3.100000e-01,acoustic_kinetic_energy,0.000000e+00
3.100000e-01,elastic_energy,3.162756e+10
3.100000e-01,elastic_kinetic_energy,4.302940e+09
3.100000e-01,momentumX,2.378039e-02
3.100000e-01,momentumY,-5.246124e-03
3.100000e-01,momentumZ,-1.688786e-03
3.100000e-01,plastic_moment,0.000000e+00
3.100000e-01,total_frictional_work,3.607239e+10
3.100000e-01,static_frictional_work,2.445733e+10
3.100000e-01,seismic_moment,1.419740e+14
3.100000e-01,potency,1.978402e+04
3.100000e-01,plastic_moment,0.000000e+00
3.200000e-01,gravitational_energy,0.000000e+00
3.200000e-01,acoustic_energy,0.000000e+00
3.200000e-01,acoustic_kinetic_energy,0.000000e+00
3.200000e-01,elastic_energy,3.201235e+10
3.200000e-01,elastic_kinetic_energy,4.102108e+09
3.200000e-01,momentumX,2.672927e-02
3.200000e-01,momentumY,-6.208166e-03
3.200000e-01,momentumZ,-2.009589e-03
3.200000e-01,plastic_moment,0.000000e+00
3.200000e-01,total_frictional_work,3.626165e+10
3.200000e-01,static_frictional_work,2.480913e+10
3.200000e-01,seismic_moment,1.426963e+14
3.200000e-01,potency,1.988362e+04
3.200000e-01,plastic_moment,0.000000e+00
3.300000e-01,gravitational_energy,0.000000e+00
3.300000e-01,acoustic_energy,0.000000e+00
3.300000e-01,acoustic_kinetic_energy,0.000000e+00
3.300000e-01,elastic_energy,3.227269e+10
3.300000e-01,elastic_kinetic_energy,3.947933e+09
3.300000e-01,momentumX,2.954924e-02
3.300000e-01,momentumY,-7.139519e-03
3.300000e-01,momentumZ,-2.332834e-03
3.300000e-01,plastic_moment,0.000000e+00
3.300000e-01,total_frictional_work,3.637331e+10
3.300000e-01,static_frictional_work,2.524496e+10
3.300000e-01,seismic_moment,1.431371e+14
3.300000e-01,potency,1.994357e+04
3.300000e-01,plastic_moment,0.000000e+00
3.400000e-01,gravitational_energy,0.000000e+00
3.400000e-01,acoustic_energy,0.000000e+00
3.400000e-01,acoustic_kinetic_energy,0.000000e+00
3.400000e-01,elastic_energy,3.245573e+10
3.400000e-01,elastic_kinetic_energy,3.835728e+09
3.400000e-01,momentumX,3.249577e-02
3.400000e-01,momentumY,-7.967621e-03
3.400000e-01,momentumZ,-2.614588e-03
3.400000e-01,plastic_moment,0.000000e+00
3.400000e-01,total_frictional_work,3.644950e+10
3.400000e-01,static_frictional_work,2.574347e+10
3.400000e-01,seismic_moment,1.434391e+14
3.400000e-01,potency,1.998412e+04
3.400000e-01,plastic_moment,0.000000e+00
3.500000e-01,gravitational_energy,0.000000e+00
3.500000e-01,acoustic_energy,0.000000e+00
3.500000e-01,acoustic_kinetic_energy,0.000000e+00
3.500000e-01,elastic_energy,3.259396e+10
3.500000e-01,elastic_kinetic_energy,3.750788e+09
3.500000e-01,momentumX,3.532197e-02
3.500000e-01,momentumY,-8.835468e-03
3.500000e-01,momentumZ,-2.936509e-03
3.500000e-01,plastic_moment,0.000000e+00
3.500000e-01,total_frictional_work,3.650715e+10
3.500000e-01,static_frictional_work,2.619344e+10
3.500000e-01,seismic_moment,1.436771e+14
3.500000e-01,potency,2.001579e+04
3.500000e-01,plastic_moment,0.000000e+00
3.600000e-01,gravitational_energy,0.000000e+00
3.600000e-01,acoustic_energy,0.000000e+00
3.600000e-01,acoustic_kinetic_energy,0.000000e+00
3.600000e-01,elastic_energy,3.269122e+10
3.600000e-01,elastic_kinetic_energy,3.688970e+09
3.600000e-01,momentumX,3.816056e-02
3.600000e-01,momentumY,-9.509500e-03
3.600000e-01,momentumZ,-3.350386e-03
3.600000e-01,plastic_moment,0.000000e+00
3.600000e-01,total_frictional_work,3.654667e+10
3.600000e-01,static_frictional_work,2.658959e+10
3.600000e-01,seismic_moment,1.438619e+14
3.600000e-01,potency,2.004016e+04
3.600000e-01,plastic_moment,0.000000e+00
3.700000e-01,gravitational_energy,0.000000e+00
3.700000e-01,acoustic_energy,0.000000e+00
3.700000e-01,acoustic_kinetic_energy,0.000000e+00
3.700000e-01,elastic_energy,3.276173e+10
3.700000e-01,elastic_kinetic_energy,3.644050e+09
3.700000e-01,momentumX,4.102854e-02
3.700000e-01,momentumY,-1.024830e-02
3.700000e-01,momentumZ,-3.749982e-03
3.700000e-01,plastic_moment,0.000000e+00
3.700000e-01,total_frictional_work,3.657686e+10
3.700000e-01,static_frictional_work,2.694780e+10
3.700000e-01,seismic_moment,1.440205e+14
3.700000e-01,potency,2.006099e+04
3.700000e-01,plastic_moment,0.000000e+00
3.800000e-01,gravitational_energy,0.000000e+00
3.800000e-01,acoustic_energy,0.000000e+00
3.800000e-01,acoustic_kinetic_energy,0.000000e+00
3.800000e-01,elastic_energy,3.281409e+10
3.800000e-01,elastic_kinetic_energy,3.611307e+09
3.800000e-01,momentumX,4.354719e-02
3.800000e-01,momentumY,-1.096457e-02
3.800000e-01,momentumZ,-4.214242e-03
3.800000e-01,plastic_moment,0.000000e+00
3.800000e-01,total_frictional_work,3.660067e+10
3.800000e-01,static_frictional_work,2.724585e+10
3.800000e-01,seismic_moment,1.441645e+14
3.800000e-01,potency,2.007988e+04
3.800000e-01,plastic_moment,0.000000e+00
3.900000e-01,gravitational_energy,0.000000e+00
3.900000e-01,acoustic_energy,0.000000e+00
3.900000e-01,acoustic_kinetic_energy,0.000000e+00
3.900000e-01,elastic_energy,3.285065e+10
3.900000e-01,elastic_kinetic_energy,3.586738e+09
3.900000e-01,momentumX,4.622924e-02
3.900000e-01,momentumY,-1.162429e-02
3.900000e-01,momentumZ,-4.655890e-03
3.900000e-01,plastic_moment,0.000000e+00
3.900000e-01,total_frictional_work,3.661691e+10
3.900000e-01,static_frictional_work,2.749744e+10
3.900000e-01,seismic_moment,1.442926e+14
3.900000e-01,potency,2.009659e+04
3.900000e-01,plastic_moment,0.000000e+00
4.000000e-01,gravitational_energy,0.000000e+00
4.000000e-01,acoustic_energy,0.000000e+00
4.000000e-01,acoustic_kinetic_energy,0.000000e+00
4.000000e-01,elastic_energy,3.287609e+10
4.000000e-01,elastic_kinetic_energy,3.567783e+09
4.000000e-01,momentumX,4.878873e-02
4.000000e-01,momentumY,-1.220676e-02
4.000000e-01,momentumZ,-5.057253e-03
4.000000e-01,plastic_moment,0.000000e+00
4.000000e-01,total_frictional_work,3.662758e+10
4.000000e-01,static_frictional_work,2.770976e+10
4.000000e-01,seismic_moment,1.444103e+14
4.000000e-01,potency,2.011191e+04
4.000000e-01,plastic_moment,0.000000e+00
4.100000e-01,gravitational_energy,0.000000e+00
4.100000e-01,acoustic_energy,0.000000e+00
4.100000e-01,acoustic_kinetic_energy,0.000000e+00
4.100000e-01,elastic_energy,3.289414e+10
4.100000e-01,elastic_kinetic_energy,3.554639e+09
4.100000e-01,momentumX,5.121031e-02
4.100000e-01,momentumY,-1.286744e-02
4.100000e-01,momentumZ,-5.463496e-03
4.100000e-01,plastic_moment,0.000000e+00
4.100000e-01,total_frictional_work,3.663701e+10
4.100000e-01,static_frictional_work,2.790122e+10
4.100000e-01,seismic_moment,1.445261e+14
4.100000e-01,potency,2.012703e+04
4.100000e-01,plastic_moment,0.000000e+00
4.200000e-01,gravitational_energy,0.000000e+00
4.200000e-01,acoustic_energy,0.000000e+00
4.200000e-01,acoustic_kinetic_energy,0.000000e+00
4.200000e-01,elastic_energy,3.290619e+10
4.200000e-01,elastic_kinetic_energy,3.547599e+09
4.200000e-01,momentumX,5.370146e-02
4.200000e-01,momentumY,-1.343073e-02
4.200000e-01,momentumZ,-5.866744e-03
4.200000e-01,plastic_moment,0.000000e+00
4.200000e-01,total_frictional_work,3.664695e+10
4.200000e-01,static_frictional_work,2.806720e+10
4.200000e-01,seismic_moment,1.446485e+14
4.200000e-01,potency,2.014316e+04
4.200000e-01,plastic_moment,0.000000e+00
4.300000e-01,gravitational_energy,0.000000e+00
4.300000e-01,acoustic_energy,0.000000e+00
4.300000e-01,acoustic_kinetic_energy,0.000000e+00
4.300000e-01,elastic_energy,3.291267e+10
4.300000e-01,elastic_kinetic_energy,3.546956e+09
4.300000e-01,momentumX,5.624503e-02
4.300000e-01,momentumY,-1.396923e-02
4.300000e-01,momentumZ,-6.141201e-03
4.300000e-01,plastic_moment,0.000000e+00
4.300000e-01,total_frictional_work,3.665781e+10
4.300000e-01,static_frictional_work,2.821214e+10
4.300000e-01,seismic_moment,1.447757e+14
4.300000e-01,potency,2.016008e+04
4.300000e-01,plastic_moment,0.000000e+00
4.400000e-01,gravitational_energy,0.000000e+00
4.400000e-01,acoustic_energy,0.000000e+00
4.400000e-01,acoustic_kinetic_energy,0.000000e+00
4.400000e-01,elastic_energy,3.291476e+10
4.400000e-01,elastic_kinetic_energy,3.549459e+09
4.400000e-01,momentumX,5.855872e-02
4.400000e-01,momentumY,-1.450768e-02
4.400000e-01,momentumZ,-6.322280e-03
4.400000e-01,plastic_moment,0.000000e+00
4.400000e-01,total_frictional_work,3.666717e+10
4.400000e-01,static_frictional_work,2.833483e+10
4.400000e-01,seismic_moment,1.449021e+14
4.400000e-01,potency,2.017696e+04
4.400000e-01,plastic_moment,0.000000e+00
4.500000e-01,gravitational_energy,0.000000e+00
4.500000e-01,acoustic_energy,0.000000e+00
4.500000e-01,acoustic_kinetic_energy,0.000000e+00
4.500000e-01,elastic_energy,3.291345e+10
4.500000e-01,elastic_kinetic_energy,3.552655e+09
4.500000e-01,momentumX,6.085323e-02
4.500000e-01,momentumY,-1.505685e-02
4.500000e-01,momentumZ,-6.639011e-03
4.500000e-01,plastic_moment,0.000000e+00
4.500000e-01,total_frictional_work,3.667420e+10
4.500000e-01,static_frictional_work,2.844342e+10
4.500000e-01,seismic_moment,1.450216e+14
4.500000e-01,potency,2.019290e+04
4.500000e-01,plastic_moment,0.000000e+00
4.600000e-01,gravitational_energy,0.000000e+00
4.600000e-01,acoustic_energy,0.000000e+00
4.600000e-01,acoustic_kinetic_energy,0.000000e+00
4.600000e-01,elastic_energy,3.290932e+10
4.600000e-01,elastic_kinetic_energy,3.555580e+09
4.600000e-01,momentumX,6.314142e-02
4.600000e-01,momentumY,-1.551569e-02
4.600000e-01,momentumZ,-6.665438e-03
4.600000e-01,plastic_moment,0.000000e+00
4.600000e-01,total_frictional_work,3.667815e+10
4.600000e-01,static_frictional_work,2.854070e+10
4.600000e-01,seismic_moment,1.451305e+14
4.600000e-01,potency,2.020737e+04
4.600000e-01,plastic_moment,0.000000e+00
4.700000e-01,gravitational_energy,0.000000e+00
4.700000e-01,acoustic_energy,0.000000e+00
4.700000e-01,acoustic_kinetic_energy,0.000000e+00
4.700000e-01,elastic_energy,3.290308e+10
4.700000e-01,elastic_kinetic_energy,3.557655e+09
4.700000e-01,momentumX,6.531250e-02
4.700000e-01,momentumY,-1.589629e-02
4.700000e-01,momentumZ,-6.239116e-03
4.700000e-01,plastic_moment,0.000000e+00
4.700000e-01,total_frictional_work,3.667953e+10
4.700000e-01,static_frictional_work,2.863973e+10
4.700000e-01,seismic_moment,1.452302e+14
4.700000e-01,potency,2.022054e+04
4.700000e-01,plastic_moment,0.000000e+00
4.800000e-01,gravitational_energy,0.000000e+00
4.800000e-01,acoustic_energy,0.000000e+00
4.800000e-01,acoustic_kinetic_energy,0.000000e+00
4.800000e-01,elastic_energy,3.289650e+10
4.800000e-01,elastic_kinetic_energy,3.558931e+09
4.800000e-01,momentumX,6.766422e-02
4.800000e-01,momentumY,-1.632276e-02
4.800000e-01,momentumZ,-8.459583e-03
4.800000e-01,plastic_moment,0.000000e+00
4.800000e-01,total_frictional_work,3.668021e+10
4.800000e-01,static_frictional_work,2.874041e+10
4.800000e-01,seismic_moment,1.453269e+14
4.800000e-01,potency,2.023328e+04
4.800000e-01,plastic_moment,0.000000e+00
4.900000e-01,gravitational_energy,0.000000e+00
4.900000e-01,acoustic_energy,0.000000e+00
4.900000e-01,acoustic_kinetic_energy,0.000000e+00
4.900000e-01,elastic_energy,3.288936e+10
4.900000e-01,elastic_kinetic_energy,3.560481e+09
4.900000e-01,momentumX,6.964427e-02
4.900000e-01,momentumY,-1.676472e-02
4.900000e-01,momentumZ,-6.750226e-03
4.900000e-01,plastic_moment,0.000000e+00
4.900000e-01,total_frictional_work,3.668051e+10
4.900000e-01,static_frictional_work,2.883408e+10
4.900000e-01,seismic_moment,1.454203e+14
4.900000e-01,potency,2.024552e+04
4.900000e-01,plastic_moment,0.000000e+00
5.000000e-01,gravitational_energy,0.000000e+00
5.000000e-01,acoustic_energy,0.000000e+00
5.000000e-01,acoustic_kinetic_energy,0.000000e+00
5.000000e-01,elastic_energy,3.288319e+10
5.000000e-01,elastic_kinetic_energy,3.560653e+09
5.000000e-01,momentumX,7.160947e-02
5.000000e-01,momentumY,-1.703379e-02
5.000000e-01,momentumZ,-1.702361e-03
5.000000e-01,plastic_moment,0.000000e+00
5.000000e-01,total_frictional_work,3.668082e+10
5.000000e-01,static_frictional_work,2.893371e+10
5.000000e-01,seismic_moment,1.455122e+14
5.000000e-01,potency,2.025750e+04
5.000000e-01,plastic_moment,0.000000e+00
5.100000e-01,gravitational_energy,0.000000e+00
5.100000e-01,acoustic_energy,0.000000e+00
5.100000e-01,acoustic_kinetic_energy,0.000000e+00
5.100000e-01,elastic_energy,3.287841e+10
5.100000e-01,elastic_kinetic_energy,3.559104e+09
5.100000e-01,momentumX,6.903008e-02
5.100000e-01,momentumY,-1.660907e-02
5.100000e-01,momentumZ,-1.474598e-02
5.100000e-01,plastic_moment,0.000000e+00
5.100000e-01,total_frictional_work,3.668123e+10
5.100000e-01,static_frictional_work,2.903702e+10
5.100000e-01,seismic_moment,1.456007e+14
5.100000e-01,potency,2.026890e+04
5.100000e-01,plastic_moment,0.000000e+00
5.200000e-01,gravitational_energy,0.000000e+00
5.200000e-01,acoustic_energy,0.000000e+00
5.200000e-01,acoustic_kinetic_energy,0.000000e+00
5.200000e-01,elastic_energy,3.287334e+10
5.200000e-01,elastic_kinetic_energy,3.557167e+09
5.200000e-01,momentumX,6.619483e-02
5.200000e-01,momentumY,-1.509717e-02
5.200000e-01,momentumZ,-5.259372e-03
5.200000e-01,plastic_moment,0.000000e+00
5.200000e-01,total_frictional_work,3.668145e+10
5.200000e-01,static_frictional_work,2.913524e+10
5.200000e-01,seismic_moment,1.456854e+14
5.200000e-01,potency,2.027971e+04
5.200000e-01,plastic_moment,0.000000e+00
5.300000e-01,gravitational_energy,0.000000e+00
5.300000e-01,acoustic_energy,0.000000e+00
5.300000e-01,acoustic_kinetic_energy,0.000000e+00
5.300000e-01,elastic_energy,3.286866e+10
5.300000e-01,elastic_kinetic_energy,3.554400e+09
5.300000e-01,momentumX,6.150422e-02
5.300000e-01,momentumY,-1.375946e-02
5.300000e-01,momentumZ,1.418912e-02
5.300000e-01,plastic_moment,0.000000e+00
5.300000e-01,total_frictional_work,3.668164e+10
5.300000e-01,static_frictional_work,2.921261e+10
5.300000e-01,seismic_moment,1.457652e+14
5.300000e-01,potency,2.028982e+04
5.300000e-01,plastic_moment,0.000000e+00
5.400000e-01,gravitational_energy,0.000000e+00
5.400000e-01,acoustic_energy,0.000000e+00
5.400000e-01,acoustic_kinetic_energy,0.000000e+00
5.400000e-01,elastic_energy,3.286332e+10
5.400000e-01,elastic_kinetic_energy,3.552035e+09
5.400000e-01,momentumX,6.433640e-02
5.400000e-01,momentumY,-1.596084e-02
5.400000e-01,momentumZ,-7.634337e-02
5.400000e-01,plastic_moment,0.000000e+00
5.400000e-01,total_frictional_work,3.668165e+10
5.400000e-01,static_frictional_work,2.926610e+10
5.400000e-01,seismic_moment,1.458400e+14
5.400000e-01,potency,2.029928e+04
5.400000e-01,plastic_moment,0.000000e+00
5.500000e-01,gravitational_energy,0.000000e+00
5.500000e-01,acoustic_energy,0.000000e+00
5.500000e-01,acoustic_kinetic_energy,0.000000e+00
5.500000e-01,elastic_energy,3.285844e+10
5.500000e-01,elastic_kinetic_energy,3.548690e+09
5.500000e-01,momentumX,6.942332e-02
5.500000e-01,momentumY,-1.673642e-02
5.500000e-01,momentumZ,3.259644e-03
5.500000e-01,plastic_moment,0.000000e+00
5.500000e-01,total_frictional_work,3.668163e+10
5.500000e-01,static_frictional_work,2.930659e+10
5.500000e-01,seismic_moment,1.459091e+14
5.500000e-01,potency,2.030796e+04
5.500000e-01,plastic_moment,0.000000e+00
5.600000e-01,gravitational_energy,0.000000e+00
5.600000e-01,acoustic_energy,0.000000e+00
5.600000e-01,acoustic_kinetic_energy,0.000000e+00
5.600000e-01,elastic_energy,3.285327e+10
5.600000e-01,elastic_kinetic_energy,3.545658e+09
5.600000e-01,momentumX,5.503631e-02
5.600000e-01,momentumY,-1.211411e-02
5.600000e-01,momentumZ,3.766149e-01
5.600000e-01,plastic_moment,0.000000e+00
5.600000e-01,total_frictional_work,3.668162e+10
5.600000e-01,static_frictional_work,2.933624e+10
5.600000e-01,seismic_moment,1.459727e+14
5.600000e-01,potency,2.031588e+04
5.600000e-01,plastic_moment,0.000000e+00
5.700000e-01,gravitational_energy,0.000000e+00
5.700000e-01,acoustic_energy,0.000000e+00
5.700000e-01,acoustic_kinetic_energy,0.000000e+00
5.700000e-01,elastic_energy,3.284827e+10
5.700000e-01,elastic_kinetic_energy,3.541696e+09
5.700000e-01,momentumX,4.271111e-02
5.700000e-01,momentumY,4.785568e-03
5.700000e-01,momentumZ,-1.497344e-01
5.700000e-01,plastic_moment,0.000000e+00
5.700000e-01,total_frictional_work,3.668162e+10
5.700000e-01,static_frictional_work,2.934897e+10
5.700000e-01,seismic_moment,1.460321e+14
5.700000e-01,potency,2.032319e+04
5.700000e-01,plastic_moment,0.000000e+00
5.800000e-01,gravitational_energy,0.000000e+00
5.800000e-01,acoustic_energy,0.000000e+00
5.800000e-01,acoustic_kinetic_energy,0.000000e+00
5.800000e-01,elastic_energy,3.284313e+10
5.800000e-01,elastic_kinetic_energy,3.537617e+09
5.800000e-01,momentumX,7.548606e-02
5.800000e-01,momentumY,1.462814e-02
5.800000e-01,momentumZ,-1.410656e+00
5.800000e-01,plastic_moment,0.000000e+00
5.800000e-01,total_frictional_work,3.668168e+10
5.800000e-01,static_frictional_work,2.935319e+10
5.800000e-01,seismic_moment,1.460885e+14
5.800000e-01,potency,2.033008e+04
5.800000e-01,plastic_moment,0.000000e+00
5.900000e-01,gravitational_energy,0.000000e+00
5.900000e-01,acoustic_energy,0.000000e+00
5.900000e-01,acoustic_kinetic_energy,0.000000e+00
5.900000e-01,elastic_energy,3.283780e+10
5.900000e-01,elastic_kinetic_energy,3.533014e+09
5.900000e-01,momentumX,8.771816e-02
5.900000e-01,momentumY,-9.131965e-02
5.900000e-01,momentumZ,-3.928029e-02
5.900000e-01,plastic_moment,0.000000e+00
5.900000e-01,total_frictional_work,3.668175e+10
5.900000e-01,static_frictional_work,2.935812e+10
5.900000e-01,seismic_moment,1.461430e+14
5.900000e-01,potency,2.033673e+04
5.900000e-01,plastic_moment,0.000000e+00
6.000000e-01,gravitational_energy,0.000000e+00
6.000000e-01,acoustic_energy,0.000000e+00
6.000000e-01,acoustic_kinetic_energy,0.000000e+00
6.000000e-01,elastic_energy,3.283225e+10
6.000000e-01,elastic_kinetic_energy,3.528017e+09
6.000000e-01,momentumX,8.290672e-02
6.000000e-01,momentumY,-2.143370e-01
6.000000e-01,momentumZ,3.725316e+00
6.000000e-01,plastic_moment,0.000000e+00
6.000000e-01,total_frictional_work,3.668183e+10
6.000000e-01,static_frictional_work,2.935791e+10
6.000000e-01,seismic_moment,1.461967e+14
6.000000e-01,potency,2.034329e+04
6.000000e-01,plastic_moment,0.000000e+00
6.100000e-01,gravitational_energy,0.000000e+00
6.100000e-01,acoustic_energy,0.000000e+00
6.100000e-01,acoustic_kinetic_energy,0.000000e+00
6.100000e-01,elastic_energy,3.282631e+10
6.100000e-01,elastic_kinetic_energy,3.523030e+09
6.100000e-01,momentumX,1.552712e-01
6.100000e-01,momentumY,1.640403e-01
6.100000e-01,momentumZ,3.825674e+00
6.100000e-01,plastic_moment,0.000000e+00
6.100000e-01,total_frictional_work,3.668183e+10
6.100000e-01,static_frictional_work,2.935233e+10
6.100000e-01,seismic_moment,1.462488e+14
6.100000e-01,potency,2.034965e+04
6.100000e-01,plastic_moment,0.000000e+00
6.200000e-01,gravitational_energy,0.000000e+00
6.200000e-01,acoustic_energy,0.000000e+00
6.200000e-01,acoustic_kinetic_energy,0.000000e+00
6.200000e-01,elastic_energy,3.282075e+10
6.200000e-01,elastic_kinetic_energy,3.517121e+09
6.200000e-01,momentumX,-9.840089e-02
6.200000e-01,momentumY,8.477190e-01
6.200000e-01,momentumZ,-4.089055e+00
6.200000e-01,plastic_moment,0.000000e+00
6.200000e-01,total_frictional_work,3.668183e+10
6.200000e-01,static_frictional_work,2.934435e+10
6.200000e-01,seismic_moment,1.463000e+14
6.200000e-01,potency,2.035585e+04
6.200000e-01,plastic_moment,0.000000e+00
6.300000e-01,gravitational_energy,0.000000e+00
6.300000e-01,acoustic_energy,0.000000e+00
6.300000e-01,acoustic_kinetic_energy,0.000000e+00
6.300000e-01,elastic_energy,3.281432e+10
6.300000e-01,elastic_kinetic_energy,3.511798e+09
6.300000e-01,momentumX,-8.177822e-01
6.300000e-01,momentumY,1.377146e-01
6.300000e-01,momentumZ,-2.093899e+01
6.300000e-01,plastic_moment,0.000000e+00
6.300000e-01,total_frictional_work,3.668186e+10
6.300000e-01,static_frictional_work,2.933437e+10
6.300000e-01,seismic_moment,1.463495e+14
6.300000e-01,potency,2.036185e+04
6.300000e-01,plastic_moment,0.000000e+00
6.400000e-01,gravitational_energy,0.000000e+00
6.400000e-01,acoustic_energy,0.000000e+00
6.400000e-01,acoustic_kinetic_energy,0.000000e+00
6.400000e-01,elastic_energy,3.280819e+10
6.400000e-01,elastic_kinetic_energy,3.505750e+09
6.400000e-01,momentumX,8.555064e-02
6.400000e-01,momentumY,-2.252859e+00
6.400000e-01,momentumZ,-2.189730e+01
6.400000e-01,plastic_moment,0.000000e+00
6.400000e-01,total_frictional_work,3.668186e+10
6.400000e-01,static_frictional_work,2.932346e+10
6.400000e-01,seismic_moment,1.463968e+14
6.400000e-01,potency,2.036760e+04
6.400000e-01,plastic_moment,0.000000e+00
6.500000e-01,gravitational_energy,0.000000e+00
6.500000e-01,acoustic_energy,0.000000e+00
6.500000e-01,acoustic_kinetic_energy,0.000000e+00
6.500000e-01,elastic_energy,3.280189e+10
6.500000e-01,elastic_kinetic_energy,3.499392e+09
6.500000e-01,momentumX,4.041093e+00
6.500000e-01,momentumY,-2.578850e+00
6.500000e-01,momentumZ,5.521148e+01
6.500000e-01,plastic_moment,0.000000e+00
6.500000e-01,total_frictional_work,3.668190e+10
6.500000e-01,static_frictional_work,2.931518e+10
6.500000e-01,seismic_moment,1.464419e+14
6.500000e-01,potency,2.037311e+04
6.500000e-01,plastic_moment,0.000000e+00
6.600000e-01,gravitational_energy,0.000000e+00
6.600000e-01,acoustic_energy,0.000000e+00
6.600000e-01,acoustic_kinetic_energy,0.000000e+00
6.600000e-01,elastic_energy,3.279495e+10
6.600000e-01,elastic_kinetic_energy,3.493366e+09
6.600000e-01,momentumX,4.064820e+00
6.600000e-01,momentumY,1.792788e+00
6.600000e-01,momentumZ,1.534550e+02
6.600000e-01,plastic_moment,0.000000e+00
6.600000e-01,total_frictional_work,3.668195e+10
6.600000e-01,static_frictional_work,2.930728e+10
6.600000e-01,seismic_moment,1.464853e+14
6.600000e-01,potency,2.037843e+04
6.600000e-01,plastic_moment,0.000000e+00
6.700000e-01,gravitational_energy,0.000000e+00
6.700000e-01,acoustic_energy,0.000000e+00
6.700000e-01,acoustic_kinetic_energy,0.000000e+00
6.700000e-01,elastic_energy,3.278848e+10
6.700000e-01,elastic_kinetic_energy,3.486671e+09
6.700000e-01,momentumX,-9.660006e+00
6.700000e-01,momentumY,6.621959e+00
6.700000e-01,momentumZ,-2.155681e+01
6.700000e-01,plastic_moment,0.000000e+00
6.700000e-01,total_frictional_work,3.668194e+10
6.700000e-01,static_frictional_work,2.929389e+10
6.700000e-01,seismic_moment,1.465265e+14
6.700000e-01,potency,2.038348e+04
6.700000e-01,plastic_moment,0.000000e+00
6.800000e-01,gravitational_energy,0.000000e+00
6.800000e-01,acoustic_energy,0.000000e+00
6.800000e-01,acoustic_kinetic_energy,0.000000e+00
6.800000e-01,elastic_energy,3.278149e+10
6.800000e-01,elastic_kinetic_energy,3.480159e+09
6.800000e-01,momentumX,-2.289596e+01
6.800000e-01,momentumY,7.054546e+00
6.800000e-01,momentumZ,-4.970846e+02
6.800000e-01,plastic_moment,0.000000e+00
6.800000e-01,total_frictional_work,3.668196e+10
6.800000e-01,static_frictional_work,2.928315e+10
6.800000e-01,seismic_moment,1.465659e+14
6.800000e-01,potency,2.038834e+04
6.800000e-01,plastic_moment,0.000000e+00
6.900000e-01,gravitational_energy,0.000000e+00
6.900000e-01,acoustic_energy,0.000000e+00
6.900000e-01,acoustic_kinetic_energy,0.000000e+00
6.900000e-01,elastic_energy,3.277435e+10
6.900000e-01,elastic_kinetic_energy,3.473613e+09
6.900000e-01,momentumX,3.866460e+00
6.900000e-01,momentumY,2.821268e+00
6.900000e-01,momentumZ,-4.338966e+02
6.900000e-01,plastic_moment,0.000000e+00
6.900000e-01,total_frictional_work,3.668198e+10
6.900000e-01,static_frictional_work,2.927500e+10
6.900000e-01,seismic_moment,1.466034e+14
6.900000e-01,potency,2.039295e+04
6.900000e-01,plastic_moment,0.000000e+00
7.000000e-01,gravitational_energy,0.000000e+00
7.000000e-01,acoustic_energy,0.000000e+00
7.000000e-01,acoustic_kinetic_energy,0.000000e+00
7.000000e-01,elastic_energy,3.276717e+10
7.000000e-01,elastic_kinetic_energy,3.466634e+09
7.000000e-01,momentumX,6.641509e+01
7.000000e-01,momentumY,-1.309820e+01
7.000000e-01,momentumZ,8.514020e+02
7.000000e-01,plastic_moment,0.000000e+00
7.000000e-01,total_frictional_work,3.668200e+10
7.000000e-01,static_frictional_work,2.926926e+10
7.000000e-01,seismic_moment,1.466393e+14
7.000000e-01,potency,2.039738e+04
7.000000e-01,plastic_moment,0.000000e+00
7.100000e-01,gravitational_energy,0.000000e+00
7.100000e-01,acoustic_energy,0.000000e+00
7.100000e-01,acoustic_kinetic_energy,0.000000e+00
7.100000e-01,elastic_energy,3.275941e+10
7.100000e-01,elastic_kinetic_energy,3.459549e+09
7.100000e-01,momentumX,6.447394e+01
7.100000e-01,momentumY,-4.697363e+01
7.100000e-01,momentumZ,1.880306e+03
7.100000e-01,plastic_moment,0.000000e+00
7.100000e-01,total_frictional_work,3.668203e+10
7.100000e-01,static_frictional_work,2.926185e+10
7.100000e-01,seismic_moment,1.466737e+14
7.100000e-01,potency,2.040165e+04
7.100000e-01,plastic_moment,0.000000e+00
7.200000e-01,gravitational_energy,0.000000e+00
7.200000e-01,acoustic_energy,0.000000e+00
7.200000e-01,acoustic_kinetic_energy,0.000000e+00
7.200000e-01,elastic_energy,3.275136e+10
7.200000e-01,elastic_kinetic_energy,3.452555e+09
7.200000e-01,momentumX,-8.228399e+01
7.200000e-01,momentumY,-5.422997e+01
7.200000e-01,momentumZ,1.315007e+01
7.200000e-01,plastic_moment,0.000000e+00
7.200000e-01,total_frictional_work,3.668204e+10
7.200000e-01,static_frictional_work,2.925175e+10
7.200000e-01,seismic_moment,1.467068e+14
7.200000e-01,potency,2.040578e+04
7.200000e-01,plastic_moment,0.000000e+00
7.300000e-01,gravitational_energy,0.000000e+00
7.300000e-01,acoustic_energy,0.000000e+00
7.300000e-01,acoustic_kinetic_energy,0.000000e+00
7.300000e-01,elastic_energy,3.274312e+10
7.300000e-01,elastic_kinetic_energy,3.444988e+09
7.300000e-01,momentumX,-2.345090e+02
7.300000e-01,momentumY,5.054995e+01
7.300000e-01,momentumZ,-3.892396e+03
7.300000e-01,plastic_moment,0.000000e+00
7.300000e-01,total_frictional_work,3.668206e+10
7.300000e-01,static_frictional_work,2.924632e+10
7.300000e-01,seismic_moment,1.467382e+14
7.300000e-01,potency,2.040970e+04
7.300000e-01,plastic_moment,0.000000e+00
7.400000e-01,gravitational_energy,0.000000e+00
7.400000e-01,acoustic_energy,0.000000e+00
7.400000e-01,acoustic_kinetic_energy,0.000000e+00
7.400000e-01,elastic_energy,3.273390e+10
7.400000e-01,elastic_kinetic_energy,3.437609e+09
7.400000e-01,momentumX,-1.058338e+02
7.400000e-01,momentumY,2.303661e+02
7.400000e-01,momentumZ,-4.137731e+03
7.400000e-01,plastic_moment,0.000000e+00
7.400000e-01,total_frictional_work,3.668208e+10
7.400000e-01,static_frictional_work,2.924244e+10
7.400000e-01,seismic_moment,1.467682e+14
7.400000e-01,potency,2.041347e+04
7.400000e-01,plastic_moment,0.000000e+00
7.500000e-01,gravitational_energy,0.000000e+00
7.500000e-01,acoustic_energy,0.000000e+00
7.500000e-01,acoustic_kinetic_energy,0.000000e+00
7.500000e-01,elastic_energy,3.272475e+10
7.500000e-01,elastic_kinetic_energy,3.429287e+09
7.500000e-01,momentumX,3.189061e+02
7.500000e-01,momentumY,2.185478e+02
7.500000e-01,momentumZ,2.732151e+03
7.500000e-01,plastic_moment,0.000000e+00
7.500000e-01,total_frictional_work,3.668207e+10
7.500000e-01,static_frictional_work,2.923799e+10
7.500000e-01,seismic_moment,1.467969e+14
7.500000e-01,potency,2.041708e+04
7.500000e-01,plastic_moment,0.000000e+00
7.600000e-01,gravitational_energy,0.000000e+00
7.600000e-01,acoustic_energy,0.000000e+00
7.600000e-01,acoustic_kinetic_energy,0.000000e+00
7.600000e-01,elastic_energy,3.271437e+10
7.600000e-01,elastic_kinetic_energy,3.421835e+09
7.600000e-01,momentumX,5.743015e+02
7.600000e-01,momentumY,-1.990776e+02
7.600000e-01,momentumZ,1.034582e+04
7.600000e-01,plastic_moment,0.000000e+00
7.600000e-01,total_frictional_work,3.668211e+10
7.600000e-01,static_frictional_work,2.923632e+10
7.600000e-01,seismic_moment,1.468244e+14
7.600000e-01,potency,2.042055e+04
7.600000e-01,plastic_moment,0.000000e+00
7.700000e-01,gravitational_energy,0.000000e+00
7.700000e-01,acoustic_energy,0.000000e+00
7.700000e-01,acoustic_kinetic_energy,0.000000e+00
7.700000e-01,elastic_energy,3.270413e+10
7.700000e-01,elastic_kinetic_energy,3.413633e+09
7.700000e-01,momentumX,1.727567e+02
7.700000e-01,momentumY,-7.133034e+02
7.700000e-01,momentumZ,7.257173e+03
7.700000e-01,plastic_moment,0.000000e+00
7.700000e-01,total_frictional_work,3.668213e+10
7.700000e-01,static_frictional_work,2.923225e+10
7.700000e-01,seismic_moment,1.468515e+14
7.700000e-01,potency,2.042396e+04
7.700000e-01,plastic_moment,0.000000e+00
7.800000e-01,gravitational_energy,0.000000e+00
7.800000e-01,acoustic_energy,0.000000e+00
7.800000e-01,acoustic_kinetic_energy,0.000000e+00
7.800000e-01,elastic_energy,3.269414e+10
7.800000e-01,elastic_kinetic_energy,3.404662e+09
7.800000e-01,momentumX,-7.160971e+02
7.800000e-01,momentumY,-5.875873e+02
7.800000e-01,momentumZ,-8.149264e+03
7.800000e-01,plastic_moment,0.000000e+00
7.800000e-01,total_frictional_work,3.668213e+10
7.800000e-01,static_frictional_work,2.922913e+10
7.800000e-01,seismic_moment,1.468784e+14
7.800000e-01,potency,2.042736e+04
7.800000e-01,plastic_moment,0.000000e+00
7.900000e-01,gravitational_energy,0.000000e+00
7.900000e-01,acoustic_energy,0.000000e+00
7.900000e-01,acoustic_kinetic_energy,0.000000e+00
7.900000e-01,elastic_energy,3.268347e+10
7.900000e-01,elastic_kinetic_energy,3.396444e+09
7.900000e-01,momentumX,-1.208579e+03
7.900000e-01,momentumY,4.551454e+02
7.900000e-01,momentumZ,-2.119220e+04
7.900000e-01,plastic_moment,0.000000e+00
7.900000e-01,total_frictional_work,3.668215e+10
7.900000e-01,static_frictional_work,2.922971e+10
7.900000e-01,seismic_moment,1.469052e+14
7.900000e-01,potency,2.043076e+04
7.900000e-01,plastic_moment,0.000000e+00
8.000000e-01,gravitational_energy,0.000000e+00
8.000000e-01,acoustic_energy,0.000000e+00
8.000000e-01,acoustic_kinetic_energy,0.000000e+00
8.000000e-01,elastic_energy,3.267195e+10
8.000000e-01,elastic_kinetic_energy,3.389034e+09
8.000000e-01,momentumX,-4.716716e+02
8.000000e-01,momentumY,1.552192e+03
8.000000e-01,momentumZ,-1.437656e+04
8.000000e-01,plastic_moment,0.000000e+00
8.000000e-01,total_frictional_work,3.668216e+10
8.000000e-01,static_frictional_work,2.922603e+10
8.000000e-01,seismic_moment,1.469318e+14
8.000000e-01,potency,2.043415e+04
8.000000e-01,plastic_moment,0.000000e+00
8.100000e-01,gravitational_energy,0.000000e+00
8.100000e-01,acoustic_energy,0.000000e+00
8.100000e-01,acoustic_kinetic_energy,0.000000e+00
8.100000e-01,elastic_energy,3.266100e+10
8.100000e-01,elastic_kinetic_energy,3.380642e+09
8.100000e-01,momentumX,1.262179e+03
8.100000e-01,momentumY,1.342377e+03
8.100000e-01,momentumZ,1.216388e+04
8.100000e-01,plastic_moment,0.000000e+00
8.100000e-01,total_frictional_work,3.668218e+10
8.100000e-01,static_frictional_work,2.922109e+10
8.100000e-01,seismic_moment,1.469582e+14
8.100000e-01,potency,2.043750e+04
8.100000e-01,plastic_moment,0.000000e+00
8.200000e-01,gravitational_energy,0.000000e+00
8.200000e-01,acoustic_energy,0.000000e+00
8.200000e-01,acoustic_kinetic_energy,0.000000e+00
8.200000e-01,elastic_energy,3.265129e+10
8.200000e-01,elastic_kinetic_energy,3.370509e+09
8.200000e-01,momentumX,2.375813e+03
8.200000e-01,momentumY,-4.822621e+02
8.200000e-01,momentumZ,3.683767e+04
8.200000e-01,plastic_moment,0.000000e+00
8.200000e-01,total_frictional_work,3.668219e+10
8.200000e-01,static_frictional_work,2.921933e+10
8.200000e-01,seismic_moment,1.469843e+14
8.200000e-01,potency,2.044080e+04
8.200000e-01,plastic_moment,0.000000e+00
8.300000e-01,gravitational_energy,0.000000e+00
8.300000e-01,acoustic_energy,0.000000e+00
8.300000e-01,acoustic_kinetic_energy,0.000000e+00
8.300000e-01,elastic_energy,3.264033e+10
8.300000e-01,elastic_kinetic_energy,3.360825e+09
8.300000e-01,momentumX,1.135794e+03
8.300000e-01,momentumY,-2.461984e+03
8.300000e-01,momentumZ,3.499820e+04
8.300000e-01,plastic_moment,0.000000e+00
8.300000e-01,total_frictional_work,3.668218e+10
8.300000e-01,static_frictional_work,2.921881e+10
8.300000e-01,seismic_moment,1.470097e+14
8.300000e-01,potency,2.044402e+04
8.300000e-01,plastic_moment,0.000000e+00
8.400000e-01,gravitational_energy,0.000000e+00
8.400000e-01,acoustic_energy,0.000000e+00
8.400000e-01,acoustic_kinetic_energy,0.000000e+00
8.400000e-01,elastic_energy,3.262779e+10
8.400000e-01,elastic_kinetic_energy,3.352836e+09
8.400000e-01,momentumX,-1.944378e+03
8.400000e-01,momentumY,-2.560260e+03
8.400000e-01,momentumZ,7.722279e+02
8.400000e-01,plastic_moment,0.000000e+00
8.400000e-01,total_frictional_work,3.668222e+10
8.400000e-01,static_frictional_work,2.921878e+10
8.400000e-01,seismic_moment,1.470345e+14
8.400000e-01,potency,2.044718e+04
8.400000e-01,plastic_moment,0.000000e+00
8.500000e-01,gravitational_energy,0.000000e+00
8.500000e-01,acoustic_energy,0.000000e+00
8.500000e-01,acoustic_kinetic_energy,0.000000e+00
8.500000e-01,elastic_energy,3.261609e+10
8.500000e-01,elastic_kinetic_energy,3.344279e+09
8.500000e-01,momentumX,-3.554988e+03
8.500000e-01,momentumY,-2.573967e+02
8.500000e-01,momentumZ,-4.778155e+04
8.500000e-01,plastic_moment,0.000000e+00
8.500000e-01,total_frictional_work,3.668222e+10
8.500000e-01,static_frictional_work,2.921720e+10
8.500000e-01,seismic_moment,1.470587e+14
8.500000e-01,potency,2.045027e+04
8.500000e-01,plastic_moment,0.000000e+00
8.600000e-01,gravitational_energy,0.000000e+00
8.600000e-01,acoustic_energy,0.000000e+00
8.600000e-01,acoustic_kinetic_energy,0.000000e+00
8.600000e-01,elastic_energy,3.260568e+10
8.600000e-01,elastic_kinetic_energy,3.333494e+09
8.600000e-01,momentumX,-1.177417e+03
8.600000e-01,momentumY,2.626960e+03
8.600000e-01,momentumZ,-8.003898e+04
8.600000e-01,plastic_moment,0.000000e+00
8.600000e-01,total_frictional_work,3.668221e+10
8.600000e-01,static_frictional_work,2.921581e+10
8.600000e-01,seismic_moment,1.470824e+14
8.600000e-01,potency,2.045330e+04
8.600000e-01,plastic_moment,0.000000e+00
8.700000e-01,gravitational_energy,0.000000e+00
8.700000e-01,acoustic_energy,0.000000e+00
8.700000e-01,acoustic_kinetic_energy,0.000000e+00
8.700000e-01,elastic_energy,3.259353e+10
8.700000e-01,elastic_kinetic_energy,3.324143e+09
8.700000e-01,momentumX,2.601577e+03
8.700000e-01,momentumY,3.470240e+03
8.700000e-01,momentumZ,-6.734812e+04
8.700000e-01,plastic_moment,0.000000e+00
8.700000e-01,total_frictional_work,3.668224e+10
8.700000e-01,static_frictional_work,2.921264e+10
8.700000e-01,seismic_moment,1.471059e+14
8.700000e-01,potency,2.045633e+04
8.700000e-01,plastic_moment,0.000000e+00
8.800000e-01,gravitational_energy,0.000000e+00
8.800000e-01,acoustic_energy,0.000000e+00
8.800000e-01,acoustic_kinetic_energy,0.000000e+00
8.800000e-01,elastic_energy,3.258114e+10
8.800000e-01,elastic_kinetic_energy,3.314986e+09
8.800000e-01,momentumX,2.085112e+03
8.800000e-01,momentumY,1.426288e+03
8.800000e-01,momentumZ,4.322026e+03
8.800000e-01,plastic_moment,0.000000e+00
8.800000e-01,total_frictional_work,3.668226e+10
8.800000e-01,static_frictional_work,2.921118e+10
8.800000e-01,seismic_moment,1.471289e+14
8.800000e-01,potency,2.045931e+04
8.800000e-01,plastic_moment,0.000000e+00
8.900000e-01,gravitational_energy,0.000000e+00
8.900000e-01,acoustic_energy,0.000000e+00
8.900000e-01,acoustic_kinetic_energy,0.000000e+00
8.900000e-01,elastic_energy,3.256921e+10
8.900000e-01,elastic_kinetic_energy,3.305294e+09
8.900000e-01,momentumX,-3.287721e+03
8.900000e-01,momentumY,-1.590336e+03
8.900000e-01,momentumZ,1.183852e+05
8.900000e-01,plastic_moment,0.000000e+00
8.900000e-01,total_frictional_work,3.668228e+10
8.900000e-01,static_frictional_work,2.921412e+10
8.900000e-01,seismic_moment,1.471519e+14
8.900000e-01,potency,2.046228e+04
8.900000e-01,plastic_moment,0.000000e+00
9.000000e-01,gravitational_energy,0.000000e+00
9.000000e-01,acoustic_energy,0.000000e+00
9.000000e-01,acoustic_kinetic_energy,0.000000e+00
9.000000e-01,elastic_energy,3.255746e+10
9.000000e-01,elastic_kinetic_energy,3.295619e+09
9.000000e-01,momentumX,-5.424991e+03
9.000000e-01,momentumY,-2.778073e+03
9.000000e-01,momentumZ,2.136472e+05
9.000000e-01,plastic_moment,0.000000e+00
9.000000e-01,total_frictional_work,3.668229e+10
9.000000e-01,static_frictional_work,2.921294e+10
9.000000e-01,seismic_moment,1.471749e+14
9.000000e-01,potency,2.046527e+04
9.000000e-01,plastic_moment,0.000000e+00
9.100000e-01,gravitational_energy,0.000000e+00
9.100000e-01,acoustic_energy,0.000000e+00
9.100000e-01,acoustic_kinetic_energy,0.000000e+00
9.100000e-01,elastic_energy,3.254592e+10
9.100000e-01,elastic_kinetic_energy,3.285467e+09
9.100000e-01,momentumX,3.093204e+03
9.100000e-01,momentumY,-1.433614e+03
9.100000e-01,momentumZ,1.972053e+05
9.100000e-01,plastic_moment,0.000000e+00
9.100000e-01,total_frictional_work,3.668229e+10
9.100000e-01,static_frictional_work,2.920906e+10
9.100000e-01,seismic_moment,1.471978e+14
9.100000e-01,potency,2.046826e+04
9.100000e-01,plastic_moment,0.000000e+00
9.200000e-01,gravitational_energy,0.000000e+00
9.200000e-01,acoustic_energy,0.000000e+00
9.200000e-01,acoustic_kinetic_energy,0.000000e+00
9.200000e-01,elastic_energy,3.253531e+10
9.200000e-01,elastic_kinetic_energy,3.273678e+09
9.200000e-01,momentumX,1.635798e+04
9.200000e-01,momentumY,2.176220e+02
9.200000e-01,momentumZ,1.861372e+03
9.200000e-01,plastic_moment,0.000000e+00
9.200000e-01,total_frictional_work,3.668229e+10
9.200000e-01,static_frictional_work,2.921050e+10
9.200000e-01,seismic_moment,1.472214e+14
9.200000e-01,potency,2.047133e+04
9.200000e-01,plastic_moment,0.000000e+00
9.300000e-01,gravitational_energy,0.000000e+00
9.300000e-01,acoustic_energy,0.000000e+00
9.300000e-01,acoustic_kinetic_energy,0.000000e+00
9.300000e-01,elastic_energy,3.252516e+10
9.300000e-01,elastic_kinetic_energy,3.261048e+09
9.300000e-01,momentumX,1.755319e+04
9.300000e-01,momentumY,-3.644207e+02
9.300000e-01,momentumZ,-3.373887e+05
9.300000e-01,plastic_moment,0.000000e+00
9.300000e-01,total_frictional_work,3.668230e+10
9.300000e-01,static_frictional_work,2.921370e+10
9.300000e-01,seismic_moment,1.472458e+14
9.300000e-01,potency,2.047453e+04
9.300000e-01,plastic_moment,0.000000e+00
9.400000e-01,gravitational_energy,0.000000e+00
9.400000e-01,acoustic_energy,0.000000e+00
9.400000e-01,acoustic_kinetic_energy,0.000000e+00
9.400000e-01,elastic_energy,3.251472e+10
9.400000e-01,elastic_kinetic_energy,3.248929e+09
9.400000e-01,momentumX,-1.575786e+03
9.400000e-01,momentumY,-2.501887e+03
9.400000e-01,momentumZ,-6.517979e+05
9.400000e-01,plastic_moment,0.000000e+00
9.400000e-01,total_frictional_work,3.668236e+10
9.400000e-01,static_frictional_work,2.921187e+10
9.400000e-01,seismic_moment,1.472713e+14
9.400000e-01,potency,2.047787e+04
9.400000e-01,plastic_moment,0.000000e+00
9.500000e-01,gravitational_energy,0.000000e+00
9.500000e-01,acoustic_energy,0.000000e+00
9.500000e-01,acoustic_kinetic_energy,0.000000e+00
9.500000e-01,elastic_energy,3.250481e+10
9.500000e-01,elastic_kinetic_energy,3.236250e+09
9.500000e-01,momentumX,-2.603233e+04
9.500000e-01,momentumY,-1.969233e+03
9.500000e-01,momentumZ,-7.016627e+05
9.500000e-01,plastic_moment,0.000000e+00
9.500000e-01,total_frictional_work,3.668240e+10
9.500000e-01,static_frictional_work,2.920553e+10
9.500000e-01,seismic_moment,1.472973e+14
9.500000e-01,potency,2.048129e+04
9.500000e-01,plastic_moment,0.000000e+00
9.600000e-01,gravitational_energy,0.000000e+00
9.600000e-01,acoustic_energy,0.000000e+00
9.600000e-01,acoustic_kinetic_energy,0.000000e+00
9.600000e-01,elastic_energy,3.249730e+10
9.600000e-01,elastic_kinetic_energy,3.220252e+09
9.600000e-01,momentumX,-2.835123e+04
9.600000e-01,momentumY,4.792275e+03
9.600000e-01,momentumZ,-3.163770e+05
9.600000e-01,plastic_moment,0.000000e+00
9.600000e-01,total_frictional_work,3.668242e+10
9.600000e-01,static_frictional_work,2.920416e+10
9.600000e-01,seismic_moment,1.473238e+14
9.600000e-01,potency,2.048477e+04
9.600000e-01,plastic_moment,0.000000e+00
9.700000e-01,gravitational_energy,0.000000e+00
9.700000e-01,acoustic_energy,0.000000e+00
9.700000e-01,acoustic_kinetic_energy,0.000000e+00
9.700000e-01,elastic_energy,3.249017e+10
9.700000e-01,elastic_kinetic_energy,3.203509e+09
9.700000e-01,momentumX,2.867085e+03
9.700000e-01,momentumY,1.523178e+04
9.700000e-01,momentumZ,4.687497e+05
9.700000e-01,plastic_moment,0.000000e+00
9.700000e-01,total_frictional_work,3.668241e+10
9.700000e-01,static_frictional_work,2.921087e+10
9.700000e-01,seismic_moment,1.473495e+14
9.700000e-01,potency,2.048814e+04
9.700000e-01,plastic_moment,0.000000e+00
9.800000e-01,gravitational_energy,0.000000e+00
9.800000e-01,acoustic_energy,0.000000e+00
9.800000e-01,acoustic_kinetic_energy,0.000000e+00
9.800000e-01,elastic_energy,3.248182e+10
9.800000e-01,elastic_kinetic_energy,3.187962e+09
9.800000e-01,momentumX,4.642955e+04
9.800000e-01,momentumY,1.922464e+04
9.800000e-01,momentumZ,1.366943e+06
9.800000e-01,plastic_moment,0.000000e+00
9.800000e-01,total_frictional_work,3.668239e+10
9.800000e-01,static_frictional_work,2.921235e+10
9.800000e-01,seismic_moment,1.473743e+14
9.800000e-01,potency,2.049139e+04
9.800000e-01,plastic_moment,0.000000e+00
9.900000e-01,gravitational_energy,0.000000e+00
9.900000e-01,acoustic_energy,0.000000e+00
9.900000e-01,acoustic_kinetic_energy,0.000000e+00
9.900000e-01,elastic_energy,3.247297e+10
9.900000e-01,elastic_kinetic_energy,3.172577e+09
9.900000e-01,momentumX,6.245378e+04
9.900000e-01,momentumY,4.247181e+03
9.900000e-01,momentumZ,1.924479e+06
9.900000e-01,plastic_moment,0.000000e+00
9.900000e-01,total_frictional_work,3.668238e+10
9.900000e-01,static_frictional_work,2.920717e+10
9.900000e-01,seismic_moment,1.473982e+14
9.900000e-01,potency,2.049452e+04
9.900000e-01,plastic_moment,0.000000e+00
1.000000e+00,gravitational_energy,0.000000e+00
1.000000e+00,acoustic_energy,0.000000e+00
1.000000e+00,acoustic_kinetic_energy,0.000000e+00
1.000000e+00,elastic_energy,3.246372e+10
1.000000e+00,elastic_kinetic_energy,3.157489e+09
1.000000e+00,momentumX,2.428937e+04
1.000000e+00,momentumY,-3.465380e+04
1.000000e+00,momentumZ,1.709631e+06
1.000000e+00,plastic_moment,0.000000e+00
1.000000e+00,total_frictional_work,3.668240e+10
1.000000e+00,static_frictional_work,2.920737e+10
1.000000e+00,seismic_moment,1.474213e+14
1.000000e+00,potency,2.049755e+04
1.000000e+00,plastic_moment,0.000000e+00
1.010000e+00,gravitational_energy,0.000000e+00
1.010000e+00,acoustic_energy,0.000000e+00
1.010000e+00,acoustic_kinetic_energy,0.000000e+00
1.010000e+00,elastic_energy,3.245398e+10
1.010000e+00,elastic_kinetic_energy,3.142828e+09
1.010000e+00,momentumX,-5.890475e+04
1.010000e+00,momentumY,-8.551407e+04
1.010000e+00,momentumZ,5.391477e+05
1.010000e+00,plastic_moment,0.000000e+00
1.010000e+00,total_frictional_work,3.668244e+10
1.010000e+00,static_frictional_work,2.920906e+10
1.010000e+00,seismic_moment,1.474434e+14
1.010000e+00,potency,2.050045e+04
1.010000e+00,plastic_moment,0.000000e+00
1.020000e+00,gravitational_energy,0.000000e+00
1.020000e+00,acoustic_energy,0.000000e+00
1.020000e+00,acoustic_kinetic_energy,0.000000e+00
1.020000e+00,elastic_energy,3.244414e+10
1.020000e+00,elastic_kinetic_energy,3.127663e+09
1.020000e+00,momentumX,-1.430783e+05
1.020000e+00,momentumY,-1.177867e+05
1.020000e+00,momentumZ,-1.333674e+06
1.020000e+00,plastic_moment,0.000000e+00
1.020000e+00,total_frictional_work,3.668241e+10
1.020000e+00,static_frictional_work,2.920656e+10
1.020000e+00,seismic_moment,1.474648e+14
1.020000e+00,potency,2.050324e+04
1.020000e+00,plastic_moment,0.000000e+00
1.030000e+00,gravitational_energy,0.000000e+00
1.030000e+00,acoustic_energy,0.000000e+00
1.030000e+00,acoustic_kinetic_energy,0.000000e+00
1.030000e+00,elastic_energy,3.243404e+10
1.030000e+00,elastic_kinetic_energy,3.112351e+09
1.030000e+00,momentumX,-1.676210e+05
1.030000e+00,momentumY,-9.386524e+04
1.030000e+00,momentumZ,-3.132308e+06
1.030000e+00,plastic_moment,0.000000e+00
1.030000e+00,total_frictional_work,3.668241e+10
1.030000e+00,static_frictional_work,2.920620e+10
1.030000e+00,seismic_moment,1.474852e+14
1.030000e+00,potency,2.050590e+04
1.030000e+00,plastic_moment,0.000000e+00
1.040000e+00,gravitational_energy,0.000000e+00
1.040000e+00,acoustic_energy,0.000000e+00
1.040000e+00,acoustic_kinetic_energy,0.000000e+00
1.040000e+00,elastic_energy,3.242346e+10
1.040000e+00,elastic_kinetic_energy,3.097920e+09
1.040000e+00,momentumX,-7.999263e+04
1.040000e+00,momentumY,7.698111e+03
1.040000e+00,momentumZ,-3.609773e+06
1.040000e+00,plastic_moment,0.000000e+00
1.040000e+00,total_frictional_work,3.668244e+10
1.040000e+00,static_frictional_work,2.920747e+10
1.040000e+00,seismic_moment,1.475046e+14
1.040000e+00,potency,2.050843e+04
1.040000e+00,plastic_moment,0.000000e+00
1.050000e+00,gravitational_energy,0.000000e+00
1.050000e+00,acoustic_energy,0.000000e+00
1.050000e+00,acoustic_kinetic_energy,0.000000e+00
1.050000e+00,elastic_energy,3.241195e+10
1.050000e+00,elastic_kinetic_energy,3.085125e+09
1.050000e+00,momentumX,1.375701e+05
1.050000e+00,momentumY,1.695308e+05
1.050000e+00,momentumZ,-1.245511e+06
1.050000e+00,plastic_moment,0.000000e+00
1.050000e+00,total_frictional_work,3.668243e+10
1.050000e+00,static_frictional_work,2.920443e+10
1.050000e+00,seismic_moment,1.475231e+14
1.050000e+00,potency,2.051083e+04
1.050000e+00,plastic_moment,0.000000e+00
1.060000e+00,gravitational_energy,0.000000e+00
1.060000e+00,acoustic_energy,0.000000e+00
1.060000e+00,acoustic_kinetic_energy,0.000000e+00
1.060000e+00,elastic_energy,3.240083e+10
1.060000e+00,elastic_kinetic_energy,3.071979e+09
1.060000e+00,momentumX,4.420689e+05
1.060000e+00,momentumY,3.309818e+05
1.060000e+00,momentumZ,5.449704e+06
1.060000e+00,plastic_moment,0.000000e+00
1.060000e+00,total_frictional_work,3.668243e+10
1.060000e+00,static_frictional_work,2.920452e+10
1.060000e+00,seismic_moment,1.475406e+14
1.060000e+00,potency,2.051310e+04
1.060000e+00,plastic_moment,0.000000e+00
1.070000e+00,gravitational_energy,0.000000e+00
1.070000e+00,acoustic_energy,0.000000e+00
1.070000e+00,acoustic_kinetic_energy,0.000000e+00
1.070000e+00,elastic_energy,3.239041e+10
1.070000e+00,elastic_kinetic_energy,3.057510e+09
1.070000e+00,momentumX,7.164193e+05
1.070000e+00,momentumY,4.104475e+05
1.070000e+00,momentumZ,1.759901e+07
1.070000e+00,plastic_moment,0.000000e+00
1.070000e+00,total_frictional_work,3.668245e+10
1.070000e+00,static_frictional_work,2.921135e+10
1.070000e+00,seismic_moment,1.475575e+14
1.070000e+00,potency,2.051528e+04
1.070000e+00,plastic_moment,0.000000e+00
1.080000e+00,gravitational_energy,0.000000e+00
1.080000e+00,acoustic_energy,0.000000e+00
1.080000e+00,acoustic_kinetic_energy,0.000000e+00
1.080000e+00,elastic_energy,3.237882e+10
1.080000e+00,elastic_kinetic_energy,3.043577e+09
1.080000e+00,momentumX,7.878709e+05
1.080000e+00,momentumY,3.435264e+05
1.080000e+00,momentumZ,3.570128e+07
1.080000e+00,plastic_moment,0.000000e+00
1.080000e+00,total_frictional_work,3.668245e+10
1.080000e+00,static_frictional_work,2.921454e+10
1.080000e+00,seismic_moment,1.475737e+14
1.080000e+00,potency,2.051737e+04
1.080000e+00,plastic_moment,0.000000e+00
1.090000e+00,gravitational_energy,0.000000e+00
1.090000e+00,acoustic_energy,0.000000e+00
1.090000e+00,acoustic_kinetic_energy,0.000000e+00
1.090000e+00,elastic_energy,3.236437e+10
1.090000e+00,elastic_kinetic_energy,3.032322e+09
1.090000e+00,momentumX,4.893081e+05
1.090000e+00,momentumY,1.139089e+05
1.090000e+00,momentumZ,5.954822e+07
1.090000e+00,plastic_moment,0.000000e+00
1.090000e+00,total_frictional_work,3.668245e+10
1.090000e+00,static_frictional_work,2.920978e+10
1.090000e+00,seismic_moment,1.475893e+14
1.090000e+00,potency,2.051938e+04
1.090000e+00,plastic_moment,0.000000e+00
1.100000e+00,gravitational_energy,0.000000e+00
1.100000e+00,acoustic_energy,0.000000e+00
1.100000e+00,acoustic_kinetic_energy,0.000000e+00
1.100000e+00,elastic_energy,3.234589e+10
1.100000e+00,elastic_kinetic_energy,3.025354e+09
1.100000e+00,momentumX,-2.473459e+05
1.100000e+00,momentumY,-2.372769e+05
1.100000e+00,momentumZ,8.836035e+07
1.100000e+00,plastic_moment,0.000000e+00
1.100000e+00,total_frictional_work,3.668246e+10
1.100000e+00,static_frictional_work,2.920196e+10
1.100000e+00,seismic_moment,1.476042e+14
1.100000e+00,potency,2.052129e+04
1.100000e+00,plastic_moment,0.000000e+00
1.110000e+00,gravitational_energy,0.000000e+00
1.110000e+00,acoustic_energy,0.000000e+00
1.110000e+00,acoustic_kinetic_energy,0.000000e+00
1.110000e+00,elastic_energy,3.232330e+10
1.110000e+00,elastic_kinetic_energy,3.022756e+09
1.110000e+00,momentumX,-1.299893e+06
1.110000e+00,momentumY,-6.168810e+05
1.110000e+00,momentumZ,1.210994e+08
1.110000e+00,plastic_moment,0.000000e+00
1.110000e+00,total_frictional_work,3.668246e+10
1.110000e+00,static_frictional_work,2.919961e+10
1.110000e+00,seismic_moment,1.476186e+14
1.110000e+00,potency,2.052313e+04
1.110000e+00,plastic_moment,0.000000e+00
1.120000e+00,gravitational_energy,0.000000e+00
1.120000e+00,acoustic_energy,0.000000e+00
1.120000e+00,acoustic_kinetic_energy,0.000000e+00
1.120000e+00,elastic_energy,3.229839e+10
1.120000e+00,elastic_kinetic_energy,3.022549e+09
1.120000e+00,momentumX,-2.316004e+06
1.120000e+00,momentumY,-8.839450e+05
1.120000e+00,momentumZ,1.568410e+08
1.120000e+00,plastic_moment,0.000000e+00
1.120000e+00,total_frictional_work,3.668247e+10
1.120000e+00,static_frictional_work,2.920569e+10
1.120000e+00,seismic_moment,1.476324e+14
1.120000e+00,potency,2.052489e+04
1.120000e+00,plastic_moment,0.000000e+00
1.130000e+00,gravitational_energy,0.000000e+00
1.130000e+00,acoustic_energy,0.000000e+00
1.130000e+00,acoustic_kinetic_energy,0.000000e+00
1.130000e+00,elastic_energy,3.227407e+10
1.130000e+00,elastic_kinetic_energy,3.021550e+09
1.130000e+00,momentumX,-2.777886e+06
1.130000e+00,momentumY,-8.505305e+05
1.130000e+00,momentumZ,1.950717e+08
1.130000e+00,plastic_moment,0.000000e+00
1.130000e+00,total_frictional_work,3.668249e+10
1.130000e+00,static_frictional_work,2.921178e+10
1.130000e+00,seismic_moment,1.476455e+14
1.130000e+00,potency,2.052656e+04
1.130000e+00,plastic_moment,0.000000e+00
1.140000e+00,gravitational_energy,0.000000e+00
1.140000e+00,acoustic_energy,0.000000e+00
1.140000e+00,acoustic_kinetic_energy,0.000000e+00
1.140000e+00,elastic_energy,3.225296e+10
1.140000e+00,elastic_kinetic_energy,3.016878e+09
1.140000e+00,momentumX,-2.213787e+06
1.140000e+00,momentumY,-2.953925e+05
1.140000e+00,momentumZ,2.358099e+08
1.140000e+00,plastic_moment,0.000000e+00
1.140000e+00,total_frictional_work,3.668248e+10
1.140000e+00,static_frictional_work,2.921107e+10
1.140000e+00,seismic_moment,1.476581e+14
1.140000e+00,potency,2.052817e+04
1.140000e+00,plastic_moment,0.000000e+00
1.150000e+00,gravitational_energy,0.000000e+00
1.150000e+00,acoustic_energy,0.000000e+00
1.150000e+00,acoustic_kinetic_energy,0.000000e+00
1.150000e+00,elastic_energy,3.223541e+10
1.150000e+00,elastic_kinetic_energy,3.008571e+09
1.150000e+00,momentumX,-5.617750e+05
1.150000e+00,momentumY,9.980742e+05
1.150000e+00,momentumZ,2.795226e+08
1.150000e+00,plastic_moment,0.000000e+00
1.150000e+00,total_frictional_work,3.668248e+10
1.150000e+00,static_frictional_work,2.920717e+10
1.150000e+00,seismic_moment,1.476703e+14
1.150000e+00,potency,2.052970e+04
1.150000e+00,plastic_moment,0.000000e+00
1.160000e+00,gravitational_energy,0.000000e+00
1.160000e+00,acoustic_energy,0.000000e+00
1.160000e+00,acoustic_kinetic_energy,0.000000e+00
1.160000e+00,elastic_energy,3.222176e+10
1.160000e+00,elastic_kinetic_energy,2.996891e+09
1.160000e+00,momentumX,1.374802e+06
1.160000e+00,momentumY,3.197314e+06
1.160000e+00,momentumZ,3.268820e+08
1.160000e+00,plastic_moment,0.000000e+00
1.160000e+00,total_frictional_work,3.668250e+10
1.160000e+00,static_frictional_work,2.920495e+10
1.160000e+00,seismic_moment,1.476819e+14
1.160000e+00,potency,2.053117e+04
1.160000e+00,plastic_moment,0.000000e+00
1.170000e+00,gravitational_energy,0.000000e+00
1.170000e+00,acoustic_energy,0.000000e+00
1.170000e+00,acoustic_kinetic_energy,0.000000e+00
1.170000e+00,elastic_energy,3.221198e+10
1.170000e+00,elastic_kinetic_energy,2.981875e+09
1.170000e+00,momentumX,1.509739e+06
1.170000e+00,momentumY,6.407930e+06
1.170000e+00,momentumZ,3.784549e+08
1.170000e+00,plastic_moment,0.000000e+00
1.170000e+00,total_frictional_work,3.668251e+10
1.170000e+00,static_frictional_work,2.920468e+10
1.170000e+00,seismic_moment,1.476931e+14
1.170000e+00,potency,2.053258e+04
1.170000e+00,plastic_moment,0.000000e+00
1.180000e+00,gravitational_energy,0.000000e+00
1.180000e+00,acoustic_energy,0.000000e+00
1.180000e+00,acoustic_kinetic_energy,0.000000e+00
1.180000e+00,elastic_energy,3.220558e+10
1.180000e+00,elastic_kinetic_energy,2.963704e+09
1.180000e+00,momentumX,-3.752071e+06
1.180000e+00,momentumY,1.071257e+07
1.180000e+00,momentumZ,4.344291e+08
1.180000e+00,plastic_moment,0.000000e+00
1.180000e+00,total_frictional_work,3.668251e+10
1.180000e+00,static_frictional_work,2.920411e+10
1.180000e+00,seismic_moment,1.477039e+14
1.180000e+00,potency,2.053394e+04
1.180000e+00,plastic_moment,0.000000e+00
1.190000e+00,gravitational_energy,0.000000e+00
1.190000e+00,acoustic_energy,0.000000e+00
1.190000e+00,acoustic_kinetic_energy,0.000000e+00
1.190000e+00,elastic_energy,3.220103e+10
1.190000e+00,elastic_kinetic_energy,2.943714e+09
1.190000e+00,momentumX,-1.944445e+07
1.190000e+00,momentumY,1.623267e+07
1.190000e+00,momentumZ,4.944575e+08
1.190000e+00,plastic_moment,0.000000e+00
1.190000e+00,total_frictional_work,3.668251e+10
1.190000e+00,static_frictional_work,2.920452e+10
1.190000e+00,seismic_moment,1.477143e+14
1.190000e+00,potency,2.053524e+04
1.190000e+00,plastic_moment,0.000000e+00
1.200000e+00,gravitational_energy,0.000000e+00
1.200000e+00,acoustic_energy,0.000000e+00
1.200000e+00,acoustic_kinetic_energy,0.000000e+00
1.200000e+00,elastic_energy,3.219667e+10
1.200000e+00,elastic_kinetic_energy,2.923523e+09
1.200000e+00,momentumX,-5.166757e+07
1.200000e+00,momentumY,2.315278e+07
1.200000e+00,momentumZ,5.576539e+08
1.200000e+00,plastic_moment,0.000000e+00
1.200000e+00,total_frictional_work,3.668252e+10
1.200000e+00,static_frictional_work,2.920680e+10
1.200000e+00,seismic_moment,1.477245e+14
1.200000e+00,potency,2.053650e+04
1.200000e+00,plastic_moment,0.000000e+00
1.210000e+00,gravitational_energy,0.000000e+00
1.210000e+00,acoustic_energy,0.000000e+00
1.210000e+00,acoustic_kinetic_energy,0.000000e+00
1.210000e+00,elastic_energy,3.219180e+10
1.210000e+00,elastic_kinetic_energy,2.903609e+09
1.210000e+00,momentumX,-1.069964e+08
1.210000e+00,momentumY,3.166931e+07
1.210000e+00,momentumZ,6.227411e+08
1.210000e+00,plastic_moment,0.000000e+00
1.210000e+00,total_frictional_work,3.668252e+10
1.210000e+00,static_frictional_work,2.920799e+10
1.210000e+00,seismic_moment,1.477342e+14
1.210000e+00,potency,2.053772e+04
1.210000e+00,plastic_moment,0.000000e+00
1.220000e+00,gravitational_energy,0.000000e+00
1.220000e+00,acoustic_energy,0.000000e+00
1.220000e+00,acoustic_kinetic_energy,0.000000e+00
1.220000e+00,elastic_energy,3.218599e+10
1.220000e+00,elastic_kinetic_energy,2.884263e+09
1.220000e+00,momentumX,-1.917875e+08
1.220000e+00,momentumY,4.188964e+07
1.220000e+00,momentumZ,6.883259e+08
1.220000e+00,plastic_moment,0.000000e+00
1.220000e+00,total_frictional_work,3.668253e+10
1.220000e+00,static_frictional_work,2.920611e+10
1.220000e+00,seismic_moment,1.477437e+14
1.220000e+00,potency,2.053890e+04
1.220000e+00,plastic_moment,0.000000e+00
1.230000e+00,gravitational_energy,0.000000e+00
1.230000e+00,acoustic_energy,0.000000e+00
1.230000e+00,acoustic_kinetic_energy,0.000000e+00
1.230000e+00,elastic_energy,3.217749e+10
1.230000e+00,elastic_kinetic_energy,2.867645e+09
1.230000e+00,momentumX,-3.114885e+08
1.230000e+00,momentumY,5.375785e+07
1.230000e+00,momentumZ,7.532398e+08
1.230000e+00,plastic_moment,0.000000e+00
1.230000e+00,total_frictional_work,3.668254e+10
1.230000e+00,static_frictional_work,2.920142e+10
1.230000e+00,seismic_moment,1.477528e+14
1.230000e+00,potency,2.054003e+04
1.230000e+00,plastic_moment,0.000000e+00
1.240000e+00,gravitational_energy,0.000000e+00
1.240000e+00,acoustic_energy,0.000000e+00
1.240000e+00,acoustic_kinetic_energy,0.000000e+00
1.240000e+00,elastic_energy,3.216541e+10
1.240000e+00,elastic_kinetic_energy,2.855060e+09
1.240000e+00,momentumX,-4.700375e+08
1.240000e+00,momentumY,6.707215e+07
1.240000e+00,momentumZ,8.168301e+08
1.240000e+00,plastic_moment,0.000000e+00
1.240000e+00,total_frictional_work,3.668253e+10
1.240000e+00,static_frictional_work,2.919922e+10
1.240000e+00,seismic_moment,1.477616e+14
1.240000e+00,potency,2.054112e+04
1.240000e+00,plastic_moment,0.000000e+00
1.250000e+00,gravitational_energy,0.000000e+00
1.250000e+00,acoustic_energy,0.000000e+00
1.250000e+00,acoustic_kinetic_energy,0.000000e+00
1.250000e+00,elastic_energy,3.215129e+10
1.250000e+00,elastic_kinetic_energy,2.844854e+09
1.250000e+00,momentumX,-6.694450e+08
1.250000e+00,momentumY,8.159033e+07
1.250000e+00,momentumZ,8.790601e+08
1.250000e+00,plastic_moment,0.000000e+00
1.250000e+00,total_frictional_work,3.668255e+10
1.250000e+00,static_frictional_work,2.920321e+10
1.250000e+00,seismic_moment,1.477702e+14
1.250000e+00,potency,2.054218e+04
1.250000e+00,plastic_moment,0.000000e+00
1.260000e+00,gravitational_energy,0.000000e+00
1.260000e+00,acoustic_energy,0.000000e+00
1.260000e+00,acoustic_kinetic_energy,0.000000e+00
1.260000e+00,elastic_energy,3.213774e+10
1.260000e+00,elastic_kinetic_energy,2.834280e+09
1.260000e+00,momentumX,-9.096572e+08
1.260000e+00,momentumY,9.714931e+07
1.260000e+00,momentumZ,9.403307e+08
1.260000e+00,plastic_moment,0.000000e+00
1.260000e+00,total_frictional_work,3.668256e+10
1.260000e+00,static_frictional_work,2.920787e+10
1.260000e+00,seismic_moment,1.477786e+14
1.260000e+00,potency,2.054321e+04
1.260000e+00,plastic_moment,0.000000e+00
1.270000e+00,gravitational_energy,0.000000e+00
1.270000e+00,acoustic_energy,0.000000e+00
1.270000e+00,acoustic_kinetic_energy,0.000000e+00
1.270000e+00,elastic_energy,3.212573e+10
1.270000e+00,elastic_kinetic_energy,2.822248e+09
1.270000e+00,momentumX,-1.188767e+09
1.270000e+00,momentumY,1.137136e+08
1.270000e+00,momentumZ,1.001080e+09
1.270000e+00,plastic_moment,0.000000e+00
1.270000e+00,total_frictional_work,3.668256e+10
1.270000e+00,static_frictional_work,2.920623e+10
1.270000e+00,seismic_moment,1.477868e+14
1.270000e+00,potency,2.054422e+04
1.270000e+00,plastic_moment,0.000000e+00
1.280000e+00,gravitational_energy,0.000000e+00
1.280000e+00,acoustic_energy,0.000000e+00
1.280000e+00,acoustic_kinetic_energy,0.000000e+00
1.280000e+00,elastic_energy,3.211408e+10
1.280000e+00,elastic_kinetic_energy,2.809967e+09
1.280000e+00,momentumX,-1.503557e+09
1.280000e+00,momentumY,1.313281e+08
1.280000e+00,momentumZ,1.061375e+09
1.280000e+00,plastic_moment,0.000000e+00
1.280000e+00,total_frictional_work,3.668255e+10
1.280000e+00,static_frictional_work,2.920119e+10
1.280000e+00,seismic_moment,1.477948e+14
1.280000e+00,potency,2.054521e+04
1.280000e+00,plastic_moment,0.000000e+00
1.290000e+00,gravitational_energy,0.000000e+00
1.290000e+00,acoustic_energy,0.000000e+00
1.290000e+00,acoustic_kinetic_energy,0.000000e+00
1.290000e+00,elastic_energy,3.210154e+10
1.290000e+00,elastic_kinetic_energy,2.798675e+09
1.290000e+00,momentumX,-1.850240e+09
1.290000e+00,momentumY,1.500366e+08
1.290000e+00,momentumZ,1.120748e+09
1.290000e+00,plastic_moment,0.000000e+00
1.290000e+00,total_frictional_work,3.668256e+10
1.290000e+00,static_frictional_work,2.920060e+10
1.290000e+00,seismic_moment,1.478027e+14
1.290000e+00,potency,2.054619e+04
1.290000e+00,plastic_moment,0.000000e+00
1.300000e+00,gravitational_energy,0.000000e+00
1.300000e+00,acoustic_energy,0.000000e+00
1.300000e+00,acoustic_kinetic_energy,0.000000e+00
1.300000e+00,elastic_energy,3.208846e+10
1.300000e+00,elastic_kinetic_energy,2.787830e+09
1.300000e+00,momentumX,-2.225237e+09
1.300000e+00,momentumY,1.698641e+08
1.300000e+00,momentumZ,1.178420e+09
1.300000e+00,plastic_moment,0.000000e+00
1.300000e+00,total_frictional_work,3.668258e+10
1.300000e+00,static_frictional_work,2.920351e+10
1.300000e+00,seismic_moment,1.478105e+14
1.300000e+00,potency,2.054714e+04
1.300000e+00,plastic_moment,0.000000e+00
1.310000e+00,gravitational_energy,0.000000e+00
1.310000e+00,acoustic_energy,0.000000e+00
1.310000e+00,acoustic_kinetic_energy,0.000000e+00
1.310000e+00,elastic_energy,3.207563e+10
1.310000e+00,elastic_kinetic_energy,2.776701e+09
1.310000e+00,momentumX,-2.625757e+09
1.310000e+00,momentumY,1.909183e+08
1.310000e+00,momentumZ,1.233800e+09
1.310000e+00,plastic_moment,0.000000e+00
1.310000e+00,total_frictional_work,3.668258e+10
1.310000e+00,static_frictional_work,2.920381e+10
1.310000e+00,seismic_moment,1.478182e+14
1.310000e+00,potency,2.054809e+04
1.310000e+00,plastic_moment,0.000000e+00
1.320000e+00,gravitational_energy,0.000000e+00
1.320000e+00,acoustic_energy,0.000000e+00
1.320000e+00,acoustic_kinetic_energy,0.000000e+00
1.320000e+00,elastic_energy,3.206328e+10
1.320000e+00,elastic_kinetic_energy,2.765294e+09
1.320000e+00,momentumX,-3.050091e+09
1.320000e+00,momentumY,2.135625e+08
1.320000e+00,momentumZ,1.286987e+09
1.320000e+00,plastic_moment,0.000000e+00
1.320000e+00,total_frictional_work,3.668257e+10
1.320000e+00,static_frictional_work,2.920083e+10
1.320000e+00,seismic_moment,1.478257e+14
1.320000e+00,potency,2.054901e+04
1.320000e+00,plastic_moment,0.000000e+00
1.330000e+00,gravitational_energy,0.000000e+00
1.330000e+00,acoustic_energy,0.000000e+00
1.330000e+00,acoustic_kinetic_energy,0.000000e+00
1.330000e+00,elastic_energy,3.205119e+10
1.330000e+00,elastic_kinetic_energy,2.753964e+09
1.330000e+00,momentumX,-3.497539e+09
1.330000e+00,momentumY,2.385422e+08
1.330000e+00,momentumZ,1.338924e+09
1.330000e+00,plastic_moment,0.000000e+00
1.330000e+00,total_frictional_work,3.668258e+10
1.330000e+00,static_frictional_work,2.919786e+10
1.330000e+00,seismic_moment,1.478330e+14
1.330000e+00,potency,2.054992e+04
1.330000e+00,plastic_moment,0.000000e+00
1.340000e+00,gravitational_energy,0.000000e+00
1.340000e+00,acoustic_energy,0.000000e+00
1.340000e+00,acoustic_kinetic_energy,0.000000e+00
1.340000e+00,elastic_energy,3.203914e+10
1.340000e+00,elastic_kinetic_energy,2.743031e+09
1.340000e+00,momentumX,-3.968071e+09
1.340000e+00,momentumY,2.669473e+08
1.340000e+00,momentumZ,1.391070e+09
1.340000e+00,plastic_moment,0.000000e+00
1.340000e+00,total_frictional_work,3.668259e+10
1.340000e+00,static_frictional_work,2.919650e+10
1.340000e+00,seismic_moment,1.478403e+14
1.340000e+00,potency,2.055082e+04
1.340000e+00,plastic_moment,0.000000e+00
1.350000e+00,gravitational_energy,0.000000e+00
1.350000e+00,acoustic_energy,0.000000e+00
1.350000e+00,acoustic_kinetic_energy,0.000000e+00
1.350000e+00,elastic_energy,3.202746e+10
1.350000e+00,elastic_kinetic_energy,2.732009e+09
1.350000e+00,momentumX,-4.461841e+09
1.350000e+00,momentumY,2.999890e+08
1.350000e+00,momentumZ,1.444699e+09
1.350000e+00,plastic_moment,0.000000e+00
1.350000e+00,total_frictional_work,3.668260e+10
1.350000e+00,static_frictional_work,2.919642e+10
1.350000e+00,seismic_moment,1.478475e+14
1.350000e+00,potency,2.055170e+04
1.350000e+00,plastic_moment,0.000000e+00
1.360000e+00,gravitational_energy,0.000000e+00
1.360000e+00,acoustic_energy,0.000000e+00
1.360000e+00,acoustic_kinetic_energy,0.000000e+00
1.360000e+00,elastic_energy,3.201660e+10
1.360000e+00,elastic_kinetic_energy,2.720266e+09
1.360000e+00,momentumX,-4.978717e+09
1.360000e+00,momentumY,3.386769e+08
1.360000e+00,momentumZ,1.500166e+09
1.360000e+00,plastic_moment,0.000000e+00
1.360000e+00,total_frictional_work,3.668260e+10
1.360000e+00,static_frictional_work,2.919693e+10
1.360000e+00,seismic_moment,1.478545e+14
1.360000e+00,potency,2.055256e+04
1.360000e+00,plastic_moment,0.000000e+00
1.370000e+00,gravitational_energy,0.000000e+00
1.370000e+00,acoustic_energy,0.000000e+00
1.370000e+00,acoustic_kinetic_energy,0.000000e+00
1.370000e+00,elastic_energy,3.200691e+10
1.370000e+00,elastic_kinetic_energy,2.707394e+09
1.370000e+00,momentumX,-5.517954e+09
1.370000e+00,momentumY,3.835530e+08
1.370000e+00,momentumZ,1.556497e+09
1.370000e+00,plastic_moment,0.000000e+00
1.370000e+00,total_frictional_work,3.668260e+10
1.370000e+00,static_frictional_work,2.919624e+10
1.370000e+00,seismic_moment,1.478614e+14
1.370000e+00,potency,2.055342e+04
1.370000e+00,plastic_moment,0.000000e+00
1.380000e+00,gravitational_energy,0.000000e+00
1.380000e+00,acoustic_energy,0.000000e+00
1.380000e+00,acoustic_kinetic_energy,0.000000e+00
1.380000e+00,elastic_energy,3.199782e+10
1.380000e+00,elastic_kinetic_energy,2.694046e+09
1.380000e+00,momentumX,-6.078065e+09
1.380000e+00,momentumY,4.346146e+08
1.380000e+00,momentumZ,1.611515e+09
1.380000e+00,plastic_moment,0.000000e+00
1.380000e+00,total_frictional_work,3.668260e+10
1.380000e+00,static_frictional_work,2.919433e+10
1.380000e+00,seismic_moment,1.478683e+14
1.380000e+00,potency,2.055426e+04
1.380000e+00,plastic_moment,0.000000e+00
1.390000e+00,gravitational_energy,0.000000e+00
1.390000e+00,acoustic_energy,0.000000e+00
1.390000e+00,acoustic_kinetic_energy,0.000000e+00
1.390000e+00,elastic_energy,3.198829e+10
1.390000e+00,elastic_kinetic_energy,2.681440e+09
1.390000e+00,momentumX,-6.656932e+09
1.390000e+00,momentumY,4.914693e+08
1.390000e+00,momentumZ,1.662400e+09
1.390000e+00,plastic_moment,0.000000e+00
1.390000e+00,total_frictional_work,3.668261e+10
1.390000e+00,static_frictional_work,2.919207e+10
1.390000e+00,seismic_moment,1.478750e+14
1.390000e+00,potency,2.055509e+04
1.390000e+00,plastic_moment,0.000000e+00
1.400000e+00,gravitational_energy,0.000000e+00
1.400000e+00,acoustic_energy,0.000000e+00
1.400000e+00,acoustic_kinetic_energy,0.000000e+00
1.400000e+00,elastic_energy,3.197817e+10
1.400000e+00,elastic_kinetic_energy,2.669649e+09
1.400000e+00,momentumX,-7.252102e+09
1.400000e+00,momentumY,5.536527e+08
1.400000e+00,momentumZ,1.706445e+09
1.400000e+00,plastic_moment,0.000000e+00
1.400000e+00,total_frictional_work,3.668261e+10
1.400000e+00,static_frictional_work,2.918965e+10
1.400000e+00,seismic_moment,1.478816e+14
1.400000e+00,potency,2.055591e+04
1.400000e+00,plastic_moment,0.000000e+00
1.410000e+00,gravitational_energy,0.000000e+00
1.410000e+00,acoustic_energy,0.000000e+00
1.410000e+00,acoustic_kinetic_energy,0.000000e+00
1.410000e+00,elastic_energy,3.196757e+10
1.410000e+00,elastic_kinetic_energy,2.658413e+09
1.410000e+00,momentumX,-7.861209e+09
1.410000e+00,momentumY,6.209588e+08
1.410000e+00,momentumZ,1.741701e+09
1.410000e+00,plastic_moment,0.000000e+00
1.410000e+00,total_frictional_work,3.668262e+10
1.410000e+00,static_frictional_work,2.918874e+10
1.410000e+00,seismic_moment,1.478882e+14
1.410000e+00,potency,2.055672e+04
1.410000e+00,plastic_moment,0.000000e+00
1.420000e+00,gravitational_energy,0.000000e+00
1.420000e+00,acoustic_energy,0.000000e+00
1.420000e+00,acoustic_kinetic_energy,0.000000e+00
1.420000e+00,elastic_energy,3.195643e+10
1.420000e+00,elastic_kinetic_energy,2.647715e+09
1.420000e+00,momentumX,-8.482337e+09
1.420000e+00,momentumY,6.936282e+08
1.420000e+00,momentumZ,1.767329e+09
1.420000e+00,plastic_moment,0.000000e+00
1.420000e+00,total_frictional_work,3.668263e+10
1.420000e+00,static_frictional_work,2.918949e+10
1.420000e+00,seismic_moment,1.478947e+14
1.420000e+00,potency,2.055752e+04
1.420000e+00,plastic_moment,0.000000e+00
1.430000e+00,gravitational_energy,0.000000e+00
1.430000e+00,acoustic_energy,0.000000e+00
1.430000e+00,acoustic_kinetic_energy,0.000000e+00
1.430000e+00,elastic_energy,3.194474e+10
1.430000e+00,elastic_kinetic_energy,2.637719e+09
1.430000e+00,momentumX,-9.114197e+09
1.430000e+00,momentumY,7.723040e+08
1.430000e+00,momentumZ,1.783618e+09
1.430000e+00,plastic_moment,0.000000e+00
1.430000e+00,total_frictional_work,3.668263e+10
1.430000e+00,static_frictional_work,2.918935e+10
1.430000e+00,seismic_moment,1.479011e+14
1.430000e+00,potency,2.055831e+04
1.430000e+00,plastic_moment,0.000000e+00
1.440000e+00,gravitational_energy,0.000000e+00
1.440000e+00,acoustic_energy,0.000000e+00
1.440000e+00,acoustic_kinetic_energy,0.000000e+00
1.440000e+00,elastic_energy,3.193241e+10
1.440000e+00,elastic_kinetic_energy,2.628679e+09
1.440000e+00,momentumX,-9.755973e+09
1.440000e+00,momentumY,8.577772e+08
1.440000e+00,momentumZ,1.791754e+09
1.440000e+00,plastic_moment,0.000000e+00
1.440000e+00,total_frictional_work,3.668264e+10
1.440000e+00,static_frictional_work,2.918674e+10
1.440000e+00,seismic_moment,1.479075e+14
1.440000e+00,potency,2.055910e+04
1.440000e+00,plastic_moment,0.000000e+00
1.450000e+00,gravitational_energy,0.000000e+00
1.450000e+00,acoustic_energy,0.000000e+00
1.450000e+00,acoustic_kinetic_energy,0.000000e+00
1.450000e+00,elastic_energy,3.192034e+10
1.450000e+00,elastic_kinetic_energy,2.619517e+09
1.450000e+00,momentumX,-1.040688e+10
1.450000e+00,momentumY,9.506461e+08
1.450000e+00,momentumZ,1.793446e+09
1.450000e+00,plastic_moment,0.000000e+00
1.450000e+00,total_frictional_work,3.668264e+10
1.450000e+00,static_frictional_work,2.918318e+10
1.450000e+00,seismic_moment,1.479139e+14
1.450000e+00,potency,2.055988e+04
1.450000e+00,plastic_moment,0.000000e+00
1.460000e+00,gravitational_energy,0.000000e+00
1.460000e+00,acoustic_energy,0.000000e+00
1.460000e+00,acoustic_kinetic_energy,0.000000e+00
1.460000e+00,elastic_energy,3.190905e+10
1.460000e+00,elastic_kinetic_energy,2.609651e+09
1.460000e+00,momentumX,-1.106557e+10
1.460000e+00,momentumY,1.051047e+09
1.460000e+00,momentumZ,1.790530e+09
1.460000e+00,plastic_moment,0.000000e+00
1.460000e+00,total_frictional_work,3.668264e+10
1.460000e+00,static_frictional_work,2.918193e+10
1.460000e+00,seismic_moment,1.479202e+14
1.460000e+00,potency,2.056066e+04
1.460000e+00,plastic_moment,0.000000e+00
1.470000e+00,gravitational_energy,0.000000e+00
1.470000e+00,acoustic_energy,0.000000e+00
1.470000e+00,acoustic_kinetic_energy,0.000000e+00
1.470000e+00,elastic_energy,3.189811e+10
1.470000e+00,elastic_kinetic_energy,2.599585e+09
1.470000e+00,momentumX,-1.172969e+10
1.470000e+00,momentumY,1.158566e+09
1.470000e+00,momentumZ,1.784640e+09
1.470000e+00,plastic_moment,0.000000e+00
1.470000e+00,total_frictional_work,3.668265e+10
1.470000e+00,static_frictional_work,2.918316e+10
1.470000e+00,seismic_moment,1.479264e+14
1.470000e+00,potency,2.056143e+04
1.470000e+00,plastic_moment,0.000000e+00
1.480000e+00,gravitational_energy,0.000000e+00
1.480000e+00,acoustic_energy,0.000000e+00
1.480000e+00,acoustic_kinetic_energy,0.000000e+00
1.480000e+00,elastic_energy,3.188740e+10
1.480000e+00,elastic_kinetic_energy,2.589420e+09
1.480000e+00,momentumX,-1.239567e+10
1.480000e+00,momentumY,1.272335e+09
1.480000e+00,momentumZ,1.777001e+09
1.480000e+00,plastic_moment,0.000000e+00
1.480000e+00,total_frictional_work,3.668265e+10
1.480000e+00,static_frictional_work,2.918408e+10
1.480000e+00,seismic_moment,1.479326e+14
1.480000e+00,potency,2.056219e+04
1.480000e+00,plastic_moment,0.000000e+00
1.490000e+00,gravitational_energy,0.000000e+00
1.490000e+00,acoustic_energy,0.000000e+00
1.490000e+00,acoustic_kinetic_energy,0.000000e+00
1.490000e+00,elastic_energy,3.187675e+10
1.490000e+00,elastic_kinetic_energy,2.579322e+09
1.490000e+00,momentumX,-1.305895e+10
1.490000e+00,momentumY,1.391249e+09
1.490000e+00,momentumZ,1.768351e+09
1.490000e+00,plastic_moment,0.000000e+00
1.490000e+00,total_frictional_work,3.668265e+10
1.490000e+00,static_frictional_work,2.918358e+10
1.490000e+00,seismic_moment,1.479387e+14
1.490000e+00,potency,2.056294e+04
1.490000e+00,plastic_moment,0.000000e+00
1.500000e+00,gravitational_energy,0.000000e+00
1.500000e+00,acoustic_energy,0.000000e+00
1.500000e+00,acoustic_kinetic_energy,0.000000e+00
1.500000e+00,elastic_energy,3.186631e+10
1.500000e+00,elastic_kinetic_energy,2.569130e+09
1.500000e+00,momentumX,-1.371463e+10
1.500000e+00,momentumY,1.514180e+09
1.500000e+00,momentumZ,1.758990e+09
1.500000e+00,plastic_moment,0.000000e+00
1.500000e+00,total_frictional_work,3.668266e+10
1.500000e+00,static_frictional_work,2.918202e+10
1.500000e+00,seismic_moment,1.479448e+14
1.500000e+00,potency,2.056369e+04
1.500000e+00,plastic_moment,0.000000e+00
1.510000e+00,gravitational_energy,0.000000e+00
1.510000e+00,acoustic_energy,0.000000e+00
1.510000e+00,acoustic_kinetic_energy,0.000000e+00
1.510000e+00,elastic_energy,3.185586e+10
1.510000e+00,elastic_kinetic_energy,2.559162e+09
1.510000e+00,momentumX,-1.435814e+10
1.510000e+00,momentumY,1.640145e+09
1.510000e+00,momentumZ,1.748901e+09
1.510000e+00,plastic_moment,0.000000e+00
1.510000e+00,total_frictional_work,3.668266e+10
1.510000e+00,static_frictional_work,2.917998e+10
1.510000e+00,seismic_moment,1.479508e+14
1.510000e+00,potency,2.056443e+04
1.510000e+00,plastic_moment,0.000000e+00
1.520000e+00,gravitational_energy,0.000000e+00
1.520000e+00,acoustic_energy,0.000000e+00
1.520000e+00,acoustic_kinetic_energy,0.000000e+00
1.520000e+00,elastic_energy,3.184557e+10
1.520000e+00,elastic_kinetic_energy,2.549048e+09
1.520000e+00,momentumX,-1.498604e+10
1.520000e+00,momentumY,1.768389e+09
1.520000e+00,momentumZ,1.737898e+09
1.520000e+00,plastic_moment,0.000000e+00
1.520000e+00,total_frictional_work,3.668267e+10
1.520000e+00,static_frictional_work,2.917884e+10
1.520000e+00,seismic_moment,1.479567e+14
1.520000e+00,potency,2.056516e+04
1.520000e+00,plastic_moment,0.000000e+00
1.530000e+00,gravitational_energy,0.000000e+00
1.530000e+00,acoustic_energy,0.000000e+00
1.530000e+00,acoustic_kinetic_energy,0.000000e+00
1.530000e+00,elastic_energy,3.183544e+10
1.530000e+00,elastic_kinetic_energy,2.538608e+09
1.530000e+00,momentumX,-1.559634e+10
1.530000e+00,momentumY,1.898426e+09
1.530000e+00,momentumZ,1.725772e+09
1.530000e+00,plastic_moment,0.000000e+00
1.530000e+00,total_frictional_work,3.668267e+10
1.530000e+00,static_frictional_work,2.917786e+10
1.530000e+00,seismic_moment,1.479626e+14
1.530000e+00,potency,2.056588e+04
1.530000e+00,plastic_moment,0.000000e+00
1.540000e+00,gravitational_energy,0.000000e+00
1.540000e+00,acoustic_energy,0.000000e+00
1.540000e+00,acoustic_kinetic_energy,0.000000e+00
1.540000e+00,elastic_energy,3.182526e+10
1.540000e+00,elastic_kinetic_energy,2.528219e+09
1.540000e+00,momentumX,-1.618848e+10
1.540000e+00,momentumY,2.030033e+09
1.540000e+00,momentumZ,1.712394e+09
1.540000e+00,plastic_moment,0.000000e+00
1.540000e+00,total_frictional_work,3.668267e+10
1.540000e+00,static_frictional_work,2.917560e+10
1.540000e+00,seismic_moment,1.479684e+14
1.540000e+00,potency,2.056660e+04
1.540000e+00,plastic_moment,0.000000e+00
1.550000e+00,gravitational_energy,0.000000e+00
1.550000e+00,acoustic_energy,0.000000e+00
1.550000e+00,acoustic_kinetic_energy,0.000000e+00
1.550000e+00,elastic_energy,3.181530e+10
1.550000e+00,elastic_kinetic_energy,2.517864e+09
1.550000e+00,momentumX,-1.676284e+10
1.550000e+00,momentumY,2.163233e+09
1.550000e+00,momentumZ,1.697768e+09
1.550000e+00,plastic_moment,0.000000e+00
1.550000e+00,total_frictional_work,3.668268e+10
1.550000e+00,static_frictional_work,2.917333e+10
1.550000e+00,seismic_moment,1.479741e+14
1.550000e+00,potency,2.056731e+04
1.550000e+00,plastic_moment,0.000000e+00
1.560000e+00,gravitational_energy,0.000000e+00
1.560000e+00,acoustic_energy,0.000000e+00
1.560000e+00,acoustic_kinetic_energy,0.000000e+00
1.560000e+00,elastic_energy,3.180546e+10
1.560000e+00,elastic_kinetic_energy,2.507713e+09
1.560000e+00,momentumX,-1.731991e+10
1.560000e+00,momentumY,2.298241e+09
1.560000e+00,momentumZ,1.682030e+09
1.560000e+00,plastic_moment,0.000000e+00
1.560000e+00,total_frictional_work,3.668269e+10
1.560000e+00,static_frictional_work,2.917257e+10
1.560000e+00,seismic_moment,1.479797e+14
1.560000e+00,potency,2.056801e+04
1.560000e+00,plastic_moment,0.000000e+00
1.570000e+00,gravitational_energy,0.000000e+00
1.570000e+00,acoustic_energy,0.000000e+00
1.570000e+00,acoustic_kinetic_energy,0.000000e+00
1.570000e+00,elastic_energy,3.179559e+10
1.570000e+00,elastic_kinetic_energy,2.497812e+09
1.570000e+00,momentumX,-1.785955e+10
1.570000e+00,momentumY,2.435354e+09
1.570000e+00,momentumZ,1.665420e+09
1.570000e+00,plastic_moment,0.000000e+00
1.570000e+00,total_frictional_work,3.668270e+10
1.570000e+00,static_frictional_work,2.917304e+10
1.570000e+00,seismic_moment,1.479853e+14
1.570000e+00,potency,2.056869e+04
1.570000e+00,plastic_moment,0.000000e+00
1.580000e+00,gravitational_energy,0.000000e+00
1.580000e+00,acoustic_energy,0.000000e+00
1.580000e+00,acoustic_kinetic_energy,0.000000e+00
1.580000e+00,elastic_energy,3.178566e+10
1.580000e+00,elastic_kinetic_energy,2.488100e+09
1.580000e+00,momentumX,-1.838032e+10
1.580000e+00,momentumY,2.574768e+09
1.580000e+00,momentumZ,1.648246e+09
1.580000e+00,plastic_moment,0.000000e+00
1.580000e+00,total_frictional_work,3.668270e+10
1.580000e+00,static_frictional_work,2.917294e+10
1.580000e+00,seismic_moment,1.479908e+14
1.580000e+00,potency,2.056937e+04
1.580000e+00,plastic_moment,0.000000e+00
1.590000e+00,gravitational_energy,0.000000e+00
1.590000e+00,acoustic_energy,0.000000e+00
1.590000e+00,acoustic_kinetic_energy,0.000000e+00
1.590000e+00,elastic_energy,3.177590e+10
1.590000e+00,elastic_kinetic_energy,2.478317e+09
1.590000e+00,momentumX,-1.887925e+10
1.590000e+00,momentumY,2.716340e+09
1.590000e+00,momentumZ,1.630857e+09
1.590000e+00,plastic_moment,0.000000e+00
1.590000e+00,total_frictional_work,3.668270e+10
1.590000e+00,static_frictional_work,2.917096e+10
1.590000e+00,seismic_moment,1.479962e+14
1.590000e+00,potency,2.057004e+04
1.590000e+00,plastic_moment,0.000000e+00
1.600000e+00,gravitational_energy,0.000000e+00
1.600000e+00,acoustic_energy,0.000000e+00
1.600000e+00,acoustic_kinetic_energy,0.000000e+00
1.600000e+00,elastic_energy,3.176639e+10
1.600000e+00,elastic_kinetic_energy,2.468292e+09
1.600000e+00,momentumX,-1.935196e+10
1.600000e+00,momentumY,2.859329e+09
1.600000e+00,momentumZ,1.613615e+09
1.600000e+00,plastic_moment,0.000000e+00
1.600000e+00,total_frictional_work,3.668270e+10
1.600000e+00,static_frictional_work,2.916795e+10
1.600000e+00,seismic_moment,1.480016e+14
1.600000e+00,potency,2.057071e+04
1.600000e+00,plastic_moment,0.000000e+00
1.610000e+00,gravitational_energy,0.000000e+00
1.610000e+00,acoustic_energy,0.000000e+00
1.610000e+00,acoustic_kinetic_energy,0.000000e+00
1.610000e+00,elastic_energy,3.175688e+10
1.610000e+00,elastic_kinetic_energy,2.458066e+09
1.610000e+00,momentumX,-1.979308e+10
1.610000e+00,momentumY,3.002238e+09
1.610000e+00,momentumZ,1.596853e+09
1.610000e+00,plastic_moment,0.000000e+00
1.610000e+00,total_frictional_work,3.668270e+10
1.610000e+00,static_frictional_work,2.916597e+10
1.610000e+00,seismic_moment,1.480069e+14
1.610000e+00,potency,2.057137e+04
1.610000e+00,plastic_moment,0.000000e+00
1.620000e+00,gravitational_energy,0.000000e+00
1.620000e+00,acoustic_energy,0.000000e+00
1.620000e+00,acoustic_kinetic_energy,0.000000e+00
1.620000e+00,elastic_energy,3.174719e+10
1.620000e+00,elastic_kinetic_energy,2.447949e+09
1.620000e+00,momentumX,-2.019683e+10
1.620000e+00,momentumY,3.142841e+09
1.620000e+00,momentumZ,1.580806e+09
1.620000e+00,plastic_moment,0.000000e+00
1.620000e+00,total_frictional_work,3.668271e+10
1.620000e+00,static_frictional_work,2.916591e+10
1.620000e+00,seismic_moment,1.480122e+14
1.620000e+00,potency,2.057202e+04
1.620000e+00,plastic_moment,0.000000e+00
1.630000e+00,gravitational_energy,0.000000e+00
1.630000e+00,acoustic_energy,0.000000e+00
1.630000e+00,acoustic_kinetic_energy,0.000000e+00
1.630000e+00,elastic_energy,3.173725e+10
1.630000e+00,elastic_kinetic_energy,2.438360e+09
1.630000e+00,momentumX,-2.055779e+10
1.630000e+00,momentumY,3.278459e+09
1.630000e+00,momentumZ,1.565552e+09
1.630000e+00,plastic_moment,0.000000e+00
1.630000e+00,total_frictional_work,3.668272e+10
1.630000e+00,static_frictional_work,2.916655e+10
1.630000e+00,seismic_moment,1.480174e+14
1.630000e+00,potency,2.057266e+04
1.630000e+00,plastic_moment,0.000000e+00
1.640000e+00,gravitational_energy,0.000000e+00
1.640000e+00,acoustic_energy,0.000000e+00
1.640000e+00,acoustic_kinetic_energy,0.000000e+00
1.640000e+00,elastic_energy,3.172705e+10
1.640000e+00,elastic_kinetic_energy,2.429467e+09
1.640000e+00,momentumX,-2.087150e+10
1.640000e+00,momentumY,3.406446e+09
1.640000e+00,momentumZ,1.550978e+09
1.640000e+00,plastic_moment,0.000000e+00
1.640000e+00,total_frictional_work,3.668272e+10
1.640000e+00,static_frictional_work,2.916617e+10
1.640000e+00,seismic_moment,1.480226e+14
1.640000e+00,potency,2.057330e+04
1.640000e+00,plastic_moment,0.000000e+00
1.650000e+00,gravitational_energy,0.000000e+00
1.650000e+00,acoustic_energy,0.000000e+00
1.650000e+00,acoustic_kinetic_energy,0.000000e+00
1.650000e+00,elastic_energy,3.171700e+10
1.650000e+00,elastic_kinetic_energy,2.420822e+09
1.650000e+00,momentumX,-2.113510e+10
1.650000e+00,momentumY,3.524737e+09
1.650000e+00,momentumZ,1.536834e+09
1.650000e+00,plastic_moment,0.000000e+00
1.650000e+00,total_frictional_work,3.668273e+10
1.650000e+00,static_frictional_work,2.916437e+10
1.650000e+00,seismic_moment,1.480277e+14
1.650000e+00,potency,2.057393e+04
1.650000e+00,plastic_moment,0.000000e+00
1.660000e+00,gravitational_energy,0.000000e+00
1.660000e+00,acoustic_energy,0.000000e+00
1.660000e+00,acoustic_kinetic_energy,0.000000e+00
1.660000e+00,elastic_energy,3.170744e+10
1.660000e+00,elastic_kinetic_energy,2.412072e+09
1.660000e+00,momentumX,-2.134774e+10
1.660000e+00,momentumY,3.632257e+09
1.660000e+00,momentumZ,1.522844e+09
1.660000e+00,plastic_moment,0.000000e+00
1.660000e+00,total_frictional_work,3.668273e+10
1.660000e+00,static_frictional_work,2.916229e+10
1.660000e+00,seismic_moment,1.480327e+14
1.660000e+00,potency,2.057455e+04
1.660000e+00,plastic_moment,0.000000e+00
1.670000e+00,gravitational_energy,0.000000e+00
1.670000e+00,acoustic_energy,0.000000e+00
1.670000e+00,acoustic_kinetic_energy,0.000000e+00
1.670000e+00,elastic_energy,3.169827e+10
1.670000e+00,elastic_kinetic_energy,2.403291e+09
1.670000e+00,momentumX,-2.151082e+10
1.670000e+00,momentumY,3.729038e+09
1.670000e+00,momentumZ,1.508834e+09
1.670000e+00,plastic_moment,0.000000e+00
1.670000e+00,total_frictional_work,3.668273e+10
1.670000e+00,static_frictional_work,2.916138e+10
1.670000e+00,seismic_moment,1.480377e+14
1.670000e+00,potency,2.057517e+04
1.670000e+00,plastic_moment,0.000000e+00
1.680000e+00,gravitational_energy,0.000000e+00
1.680000e+00,acoustic_energy,0.000000e+00
1.680000e+00,acoustic_kinetic_energy,0.000000e+00
1.680000e+00,elastic_energy,3.168950e+10
1.680000e+00,elastic_kinetic_energy,2.394299e+09
1.680000e+00,momentumX,-2.162802e+10
1.680000e+00,momentumY,3.816023e+09
1.680000e+00,momentumZ,1.494803e+09
1.680000e+00,plastic_moment,0.000000e+00
1.680000e+00,total_frictional_work,3.668273e+10
1.680000e+00,static_frictional_work,2.916257e+10
1.680000e+00,seismic_moment,1.480426e+14
1.680000e+00,potency,2.057578e+04
1.680000e+00,plastic_moment,0.000000e+00
1.690000e+00,gravitational_energy,0.000000e+00
1.690000e+00,acoustic_energy,0.000000e+00
1.690000e+00,acoustic_kinetic_energy,0.000000e+00
1.690000e+00,elastic_energy,3.168111e+10
1.690000e+00,elastic_kinetic_energy,2.384898e+09
1.690000e+00,momentumX,-2.170507e+10
1.690000e+00,momentumY,3.894644e+09
1.690000e+00,momentumZ,1.480899e+09
1.690000e+00,plastic_moment,0.000000e+00
1.690000e+00,total_frictional_work,3.668273e+10
1.690000e+00,static_frictional_work,2.916615e+10
1.690000e+00,seismic_moment,1.480474e+14
1.690000e+00,potency,2.057638e+04
1.690000e+00,plastic_moment,0.000000e+00
1.700000e+00,gravitational_energy,0.000000e+00
1.700000e+00,acoustic_energy,0.000000e+00
1.700000e+00,acoustic_kinetic_energy,0.000000e+00
1.700000e+00,elastic_energy,3.167268e+10
1.700000e+00,elastic_kinetic_energy,2.375404e+09
1.700000e+00,momentumX,-2.174936e+10
1.700000e+00,momentumY,3.966380e+09
1.700000e+00,momentumZ,1.467307e+09
1.700000e+00,plastic_moment,0.000000e+00
1.700000e+00,total_frictional_work,3.668274e+10
1.700000e+00,static_frictional_work,2.917110e+10
1.700000e+00,seismic_moment,1.480522e+14
1.700000e+00,potency,2.057697e+04
1.700000e+00,plastic_moment,0.000000e+00
1.710000e+00,gravitational_energy,0.000000e+00
1.710000e+00,acoustic_energy,0.000000e+00
1.710000e+00,acoustic_kinetic_energy,0.000000e+00
1.710000e+00,elastic_energy,3.166393e+10
1.710000e+00,elastic_kinetic_energy,2.366176e+09
1.710000e+00,momentumX,-2.176937e+10
1.710000e+00,momentumY,4.032454e+09
1.710000e+00,momentumZ,1.454101e+09
1.710000e+00,plastic_moment,0.000000e+00
1.710000e+00,total_frictional_work,3.668274e+10
1.710000e+00,static_frictional_work,2.917610e+10
1.710000e+00,seismic_moment,1.480570e+14
1.710000e+00,potency,2.057756e+04
1.710000e+00,plastic_moment,0.000000e+00
1.720000e+00,gravitational_energy,0.000000e+00
1.720000e+00,acoustic_energy,0.000000e+00
1.720000e+00,acoustic_kinetic_energy,0.000000e+00
1.720000e+00,elastic_energy,3.165481e+10
1.720000e+00,elastic_kinetic_energy,2.357477e+09
1.720000e+00,momentumX,-2.177402e+10
1.720000e+00,momentumY,4.093761e+09
1.720000e+00,momentumZ,1.441136e+09
1.720000e+00,plastic_moment,0.000000e+00
1.720000e+00,total_frictional_work,3.668274e+10
1.720000e+00,static_frictional_work,2.918028e+10
1.720000e+00,seismic_moment,1.480616e+14
1.720000e+00,potency,2.057813e+04
1.720000e+00,plastic_moment,0.000000e+00
1.730000e+00,gravitational_energy,0.000000e+00
1.730000e+00,acoustic_energy,0.000000e+00
1.730000e+00,acoustic_kinetic_energy,0.000000e+00
1.730000e+00,elastic_energy,3.164553e+10
1.730000e+00,elastic_kinetic_energy,2.349210e+09
1.730000e+00,momentumX,-2.177210e+10
1.730000e+00,momentumY,4.150996e+09
1.730000e+00,momentumZ,1.428038e+09
1.730000e+00,plastic_moment,0.000000e+00
1.730000e+00,total_frictional_work,3.668274e+10
1.730000e+00,static_frictional_work,2.918267e+10
1.730000e+00,seismic_moment,1.480662e+14
1.730000e+00,potency,2.057870e+04
1.730000e+00,plastic_moment,0.000000e+00
1.740000e+00,gravitational_energy,0.000000e+00
1.740000e+00,acoustic_energy,0.000000e+00
1.740000e+00,acoustic_kinetic_energy,0.000000e+00
1.740000e+00,elastic_energy,3.163638e+10
1.740000e+00,elastic_kinetic_energy,2.341061e+09
1.740000e+00,momentumX,-2.177181e+10
1.740000e+00,momentumY,4.204861e+09
1.740000e+00,momentumZ,1.414292e+09
1.740000e+00,plastic_moment,0.000000e+00
1.740000e+00,total_frictional_work,3.668275e+10
1.740000e+00,static_frictional_work,2.918351e+10
1.740000e+00,seismic_moment,1.480707e+14
1.740000e+00,potency,2.057926e+04
1.740000e+00,plastic_moment,0.000000e+00
1.750000e+00,gravitational_energy,0.000000e+00
1.750000e+00,acoustic_energy,0.000000e+00
1.750000e+00,acoustic_kinetic_energy,0.000000e+00
1.750000e+00,elastic_energy,3.162737e+10
1.750000e+00,elastic_kinetic_energy,2.333093e+09
1.750000e+00,momentumX,-2.178043e+10
1.750000e+00,momentumY,4.256232e+09
1.750000e+00,momentumZ,1.399393e+09
1.750000e+00,plastic_moment,0.000000e+00
1.750000e+00,total_frictional_work,3.668275e+10
1.750000e+00,static_frictional_work,2.918488e+10
1.750000e+00,seismic_moment,1.480752e+14
1.750000e+00,potency,2.057981e+04
1.750000e+00,plastic_moment,0.000000e+00
1.760000e+00,gravitational_energy,0.000000e+00
1.760000e+00,acoustic_energy,0.000000e+00
1.760000e+00,acoustic_kinetic_energy,0.000000e+00
1.760000e+00,elastic_energy,3.161837e+10
1.760000e+00,elastic_kinetic_energy,2.325501e+09
1.760000e+00,momentumX,-2.180429e+10
1.760000e+00,momentumY,4.306203e+09
1.760000e+00,momentumZ,1.383001e+09
1.760000e+00,plastic_moment,0.000000e+00
1.760000e+00,total_frictional_work,3.668275e+10
1.760000e+00,static_frictional_work,2.918849e+10
1.760000e+00,seismic_moment,1.480796e+14
1.760000e+00,potency,2.058036e+04
1.760000e+00,plastic_moment,0.000000e+00
1.770000e+00,gravitational_energy,0.000000e+00
1.770000e+00,acoustic_energy,0.000000e+00
1.770000e+00,acoustic_kinetic_energy,0.000000e+00
1.770000e+00,elastic_energy,3.160955e+10
1.770000e+00,elastic_kinetic_energy,2.317947e+09
1.770000e+00,momentumX,-2.184877e+10
1.770000e+00,momentumY,4.355991e+09
1.770000e+00,momentumZ,1.365017e+09
1.770000e+00,plastic_moment,0.000000e+00
1.770000e+00,total_frictional_work,3.668275e+10
1.770000e+00,static_frictional_work,2.919385e+10
1.770000e+00,seismic_moment,1.480840e+14
1.770000e+00,potency,2.058090e+04
1.770000e+00,plastic_moment,0.000000e+00
1.780000e+00,gravitational_energy,0.000000e+00
1.780000e+00,acoustic_energy,0.000000e+00
1.780000e+00,acoustic_kinetic_energy,0.000000e+00
1.780000e+00,elastic_energy,3.160094e+10
1.780000e+00,elastic_kinetic_energy,2.310092e+09
1.780000e+00,momentumX,-2.191835e+10
1.780000e+00,momentumY,4.406748e+09
1.780000e+00,momentumZ,1.345554e+09
1.780000e+00,plastic_moment,0.000000e+00
1.780000e+00,total_frictional_work,3.668275e+10
1.780000e+00,static_frictional_work,2.919868e+10
1.780000e+00,seismic_moment,1.480884e+14
1.780000e+00,potency,2.058144e+04
1.780000e+00,plastic_moment,0.000000e+00
1.790000e+00,gravitational_energy,0.000000e+00
1.790000e+00,acoustic_energy,0.000000e+00
1.790000e+00,acoustic_kinetic_energy,0.000000e+00
1.790000e+00,elastic_energy,3.159215e+10
1.790000e+00,elastic_kinetic_energy,2.302289e+09
1.790000e+00,momentumX,-2.201648e+10
1.790000e+00,momentumY,4.459346e+09
1.790000e+00,momentumZ,1.324827e+09
1.790000e+00,plastic_moment,0.000000e+00
1.790000e+00,total_frictional_work,3.668275e+10
1.790000e+00,static_frictional_work,2.920173e+10
1.790000e+00,seismic_moment,1.480927e+14
1.790000e+00,potency,2.058198e+04
1.790000e+00,plastic_moment,0.000000e+00
1.800000e+00,gravitational_energy,0.000000e+00
1.800000e+00,acoustic_energy,0.000000e+00
1.800000e+00,acoustic_kinetic_energy,0.000000e+00
1.800000e+00,elastic_energy,3.158310e+10
1.800000e+00,elastic_kinetic_energy,2.294800e+09
1.800000e+00,momentumX,-2.214549e+10
1.800000e+00,momentumY,4.514204e+09
1.800000e+00,momentumZ,1.303012e+09
1.800000e+00,plastic_moment,0.000000e+00
1.800000e+00,total_frictional_work,3.668275e+10
1.800000e+00,static_frictional_work,2.920360e+10
1.800000e+00,seismic_moment,1.480970e+14
1.800000e+00,potency,2.058250e+04
1.800000e+00,plastic_moment,0.000000e+00
1.810000e+00,gravitational_energy,0.000000e+00
1.810000e+00,acoustic_energy,0.000000e+00
1.810000e+00,acoustic_kinetic_energy,0.000000e+00
1.810000e+00,elastic_energy,3.157436e+10
1.810000e+00,elastic_kinetic_energy,2.287149e+09
1.810000e+00,momentumX,-2.230627e+10
1.810000e+00,momentumY,4.571210e+09
1.810000e+00,momentumZ,1.280161e+09
1.810000e+00,plastic_moment,0.000000e+00
1.810000e+00,total_frictional_work,3.668274e+10
1.810000e+00,static_frictional_work,2.920549e+10
1.810000e+00,seismic_moment,1.481013e+14
1.810000e+00,potency,2.058303e+04
1.810000e+00,plastic_moment,0.000000e+00
1.820000e+00,gravitational_energy,0.000000e+00
1.820000e+00,acoustic_energy,0.000000e+00
1.820000e+00,acoustic_kinetic_energy,0.000000e+00
1.820000e+00,elastic_energy,3.156623e+10
1.820000e+00,elastic_kinetic_energy,2.279035e+09
1.820000e+00,momentumX,-2.249813e+10
1.820000e+00,momentumY,4.629758e+09
1.820000e+00,momentumZ,1.256192e+09
1.820000e+00,plastic_moment,0.000000e+00
1.820000e+00,total_frictional_work,3.668275e+10
1.820000e+00,static_frictional_work,2.920865e+10
1.820000e+00,seismic_moment,1.481054e+14
1.820000e+00,potency,2.058354e+04
1.820000e+00,plastic_moment,0.000000e+00
1.830000e+00,gravitational_energy,0.000000e+00
1.830000e+00,acoustic_energy,0.000000e+00
1.830000e+00,acoustic_kinetic_energy,0.000000e+00
1.830000e+00,elastic_energy,3.155825e+10
1.830000e+00,elastic_kinetic_energy,2.270874e+09
1.830000e+00,momentumX,-2.271875e+10
1.830000e+00,momentumY,4.688888e+09
1.830000e+00,momentumZ,1.230961e+09
1.830000e+00,plastic_moment,0.000000e+00
1.830000e+00,total_frictional_work,3.668275e+10
1.830000e+00,static_frictional_work,2.921314e+10
1.830000e+00,seismic_moment,1.481096e+14
1.830000e+00,potency,2.058405e+04
1.830000e+00,plastic_moment,0.000000e+00
1.840000e+00,gravitational_energy,0.000000e+00
1.840000e+00,acoustic_energy,0.000000e+00
1.840000e+00,acoustic_kinetic_energy,0.000000e+00
1.840000e+00,elastic_energy,3.155002e+10
1.840000e+00,elastic_kinetic_energy,2.263032e+09
1.840000e+00,momentumX,-2.296452e+10
1.840000e+00,momentumY,4.747493e+09
1.840000e+00,momentumZ,1.204359e+09
1.840000e+00,plastic_moment,0.000000e+00
1.840000e+00,total_frictional_work,3.668275e+10
1.840000e+00,static_frictional_work,2.921809e+10
1.840000e+00,seismic_moment,1.481137e+14
1.840000e+00,potency,2.058456e+04
1.840000e+00,plastic_moment,0.000000e+00
1.850000e+00,gravitational_energy,0.000000e+00
1.850000e+00,acoustic_energy,0.000000e+00
1.850000e+00,acoustic_kinetic_energy,0.000000e+00
1.850000e+00,elastic_energy,3.154179e+10
1.850000e+00,elastic_kinetic_energy,2.255219e+09
1.850000e+00,momentumX,-2.323099e+10
1.850000e+00,momentumY,4.804561e+09
1.850000e+00,momentumZ,1.176406e+09
1.850000e+00,plastic_moment,0.000000e+00
1.850000e+00,total_frictional_work,3.668275e+10
1.850000e+00,static_frictional_work,2.922193e+10
1.850000e+00,seismic_moment,1.481177e+14
1.850000e+00,potency,2.058506e+04
1.850000e+00,plastic_moment,0.000000e+00
1.860000e+00,gravitational_energy,0.000000e+00
1.860000e+00,acoustic_energy,0.000000e+00
1.860000e+00,acoustic_kinetic_energy,0.000000e+00
1.860000e+00,elastic_energy,3.153389e+10
1.860000e+00,elastic_kinetic_energy,2.247094e+09
1.860000e+00,momentumX,-2.351357e+10
1.860000e+00,momentumY,4.859396e+09
1.860000e+00,momentumZ,1.147299e+09
1.860000e+00,plastic_moment,0.000000e+00
1.860000e+00,total_frictional_work,3.668274e+10
1.860000e+00,static_frictional_work,2.922329e+10
1.860000e+00,seismic_moment,1.481217e+14
1.860000e+00,potency,2.058555e+04
1.860000e+00,plastic_moment,0.000000e+00
1.870000e+00,gravitational_energy,0.000000e+00
1.870000e+00,acoustic_energy,0.000000e+00
1.870000e+00,acoustic_kinetic_energy,0.000000e+00
1.870000e+00,elastic_energy,3.152622e+10
1.870000e+00,elastic_kinetic_energy,2.238917e+09
1.870000e+00,momentumX,-2.380808e+10
1.870000e+00,momentumY,4.911792e+09
1.870000e+00,momentumZ,1.117406e+09
1.870000e+00,plastic_moment,0.000000e+00
1.870000e+00,total_frictional_work,3.668274e+10
1.870000e+00,static_frictional_work,2.922339e+10
1.870000e+00,seismic_moment,1.481256e+14
1.870000e+00,potency,2.058603e+04
1.870000e+00,plastic_moment,0.000000e+00
1.880000e+00,gravitational_energy,0.000000e+00
1.880000e+00,acoustic_energy,0.000000e+00
1.880000e+00,acoustic_kinetic_energy,0.000000e+00
1.880000e+00,elastic_energy,3.151848e+10
1.880000e+00,elastic_kinetic_energy,2.231136e+09
1.880000e+00,momentumX,-2.411121e+10
1.880000e+00,momentumY,4.962124e+09
1.880000e+00,momentumZ,1.087200e+09
1.880000e+00,plastic_moment,0.000000e+00
1.880000e+00,total_frictional_work,3.668274e+10
1.880000e+00,static_frictional_work,2.922374e+10
1.880000e+00,seismic_moment,1.481295e+14
1.880000e+00,potency,2.058651e+04
1.880000e+00,plastic_moment,0.000000e+00
1.890000e+00,gravitational_energy,0.000000e+00
1.890000e+00,acoustic_energy,0.000000e+00
1.890000e+00,acoustic_kinetic_energy,0.000000e+00
1.890000e+00,elastic_energy,3.151056e+10
1.890000e+00,elastic_kinetic_energy,2.223800e+09
1.890000e+00,momentumX,-2.442051e+10
1.890000e+00,momentumY,5.011348e+09
1.890000e+00,momentumZ,1.057139e+09
1.890000e+00,plastic_moment,0.000000e+00
1.890000e+00,total_frictional_work,3.668274e+10
1.890000e+00,static_frictional_work,2.922485e+10
1.890000e+00,seismic_moment,1.481334e+14
1.890000e+00,potency,2.058698e+04
1.890000e+00,plastic_moment,0.000000e+00
1.900000e+00,gravitational_energy,0.000000e+00
1.900000e+00,acoustic_energy,0.000000e+00
1.900000e+00,acoustic_kinetic_energy,0.000000e+00
1.900000e+00,elastic_energy,3.150264e+10
1.900000e+00,elastic_kinetic_energy,2.216567e+09
1.900000e+00,momentumX,-2.473420e+10
1.900000e+00,momentumY,5.060897e+09
1.900000e+00,momentumZ,1.027527e+09
1.900000e+00,plastic_moment,0.000000e+00
1.900000e+00,total_frictional_work,3.668274e+10
1.900000e+00,static_frictional_work,2.922746e+10
1.900000e+00,seismic_moment,1.481372e+14
1.900000e+00,potency,2.058745e+04
1.900000e+00,plastic_moment,0.000000e+00
1.910000e+00,gravitational_energy,0.000000e+00
1.910000e+00,acoustic_energy,0.000000e+00
1.910000e+00,acoustic_kinetic_energy,0.000000e+00
1.910000e+00,elastic_energy,3.149490e+10
1.910000e+00,elastic_kinetic_energy,2.209169e+09
1.910000e+00,momentumX,-2.505073e+10
1.910000e+00,momentumY,5.112486e+09
1.910000e+00,momentumZ,9.983757e+08
1.910000e+00,plastic_moment,0.000000e+00
1.910000e+00,total_frictional_work,3.668274e+10
1.910000e+00,static_frictional_work,2.923105e+10
1.910000e+00,seismic_moment,1.481410e+14
1.910000e+00,potency,2.058792e+04
1.910000e+00,plastic_moment,0.000000e+00
1.920000e+00,gravitational_energy,0.000000e+00
1.920000e+00,acoustic_energy,0.000000e+00
1.920000e+00,acoustic_kinetic_energy,0.000000e+00
1.920000e+00,elastic_energy,3.148742e+10
1.920000e+00,elastic_kinetic_energy,2.201500e+09
1.920000e+00,momentumX,-2.536829e+10
1.920000e+00,momentumY,5.167877e+09
1.920000e+00,momentumZ,9.693298e+08
1.920000e+00,plastic_moment,0.000000e+00
1.920000e+00,total_frictional_work,3.668274e+10
1.920000e+00,static_frictional_work,2.923463e+10
1.920000e+00,seismic_moment,1.481447e+14
1.920000e+00,potency,2.058838e+04
1.920000e+00,plastic_moment,0.000000e+00
1.930000e+00,gravitational_energy,0.000000e+00
1.930000e+00,acoustic_energy,0.000000e+00
1.930000e+00,acoustic_kinetic_energy,0.000000e+00
1.930000e+00,elastic_energy,3.148021e+10
1.930000e+00,elastic_kinetic_energy,2.193519e+09
1.930000e+00,momentumX,-2.568450e+10
1.930000e+00,momentumY,5.228612e+09
1.930000e+00,momentumZ,9.396761e+08
1.930000e+00,plastic_moment,0.000000e+00
1.930000e+00,total_frictional_work,3.668273e+10
1.930000e+00,static_frictional_work,2.923810e+10
1.930000e+00,seismic_moment,1.481485e+14
1.930000e+00,potency,2.058884e+04
1.930000e+00,plastic_moment,0.000000e+00
1.940000e+00,gravitational_energy,0.000000e+00
1.940000e+00,acoustic_energy,0.000000e+00
1.940000e+00,acoustic_kinetic_energy,0.000000e+00
1.940000e+00,elastic_energy,3.147317e+10
1.940000e+00,elastic_kinetic_energy,2.185328e+09
1.940000e+00,momentumX,-2.599631e+10
1.940000e+00,momentumY,5.295788e+09
1.940000e+00,momentumZ,9.084399e+08
1.940000e+00,plastic_moment,0.000000e+00
1.940000e+00,total_frictional_work,3.668273e+10
1.940000e+00,static_frictional_work,2.924074e+10
1.940000e+00,seismic_moment,1.481522e+14
1.940000e+00,potency,2.058929e+04
1.940000e+00,plastic_moment,0.000000e+00
1.950000e+00,gravitational_energy,0.000000e+00
1.950000e+00,acoustic_energy,0.000000e+00
1.950000e+00,acoustic_kinetic_energy,0.000000e+00
1.950000e+00,elastic_energy,3.146614e+10
1.950000e+00,elastic_kinetic_energy,2.177207e+09
1.950000e+00,momentumX,-2.630014e+10
1.950000e+00,momentumY,5.369872e+09
1.950000e+00,momentumZ,8.745466e+08
1.950000e+00,plastic_moment,0.000000e+00
1.950000e+00,total_frictional_work,3.668273e+10
1.950000e+00,static_frictional_work,2.924157e+10
1.950000e+00,seismic_moment,1.481558e+14
1.950000e+00,potency,2.058974e+04
1.950000e+00,plastic_moment,0.000000e+00
1.960000e+00,gravitational_energy,0.000000e+00
1.960000e+00,acoustic_energy,0.000000e+00
1.960000e+00,acoustic_kinetic_energy,0.000000e+00
1.960000e+00,elastic_energy,3.145904e+10
1.960000e+00,elastic_kinetic_energy,2.169424e+09
1.960000e+00,momentumX,-2.659223e+10
1.960000e+00,momentumY,5.450603e+09
1.960000e+00,momentumZ,8.370087e+08
1.960000e+00,plastic_moment,0.000000e+00
1.960000e+00,total_frictional_work,3.668274e+10
1.960000e+00,static_frictional_work,2.924067e+10
1.960000e+00,seismic_moment,1.481594e+14
1.960000e+00,potency,2.059018e+04
1.960000e+00,plastic_moment,0.000000e+00
1.970000e+00,gravitational_energy,0.000000e+00
1.970000e+00,acoustic_energy,0.000000e+00
1.970000e+00,acoustic_kinetic_energy,0.000000e+00
1.970000e+00,elastic_energy,3.145185e+10
1.970000e+00,elastic_kinetic_energy,2.162077e+09
1.970000e+00,momentumX,-2.686914e+10
1.970000e+00,momentumY,5.536997e+09
1.970000e+00,momentumZ,7.950975e+08
1.970000e+00,plastic_moment,0.000000e+00
1.970000e+00,total_frictional_work,3.668274e+10
1.970000e+00,static_frictional_work,2.923866e+10
1.970000e+00,seismic_moment,1.481629e+14
1.970000e+00,potency,2.059061e+04
1.970000e+00,plastic_moment,0.000000e+00
1.980000e+00,gravitational_energy,0.000000e+00
1.980000e+00,acoustic_energy,0.000000e+00
1.980000e+00,acoustic_kinetic_energy,0.000000e+00
1.980000e+00,elastic_energy,3.144469e+10
1.980000e+00,elastic_kinetic_energy,2.154974e+09
1.980000e+00,momentumX,-2.712821e+10
1.980000e+00,momentumY,5.627484e+09
1.980000e+00,momentumZ,7.484657e+08
1.980000e+00,plastic_moment,0.000000e+00
1.980000e+00,total_frictional_work,3.668274e+10
1.980000e+00,static_frictional_work,2.923603e+10
1.980000e+00,seismic_moment,1.481664e+14
1.980000e+00,potency,2.059104e+04
1.980000e+00,plastic_moment,0.000000e+00
1.990000e+00,gravitational_energy,0.000000e+00
1.990000e+00,acoustic_energy,0.000000e+00
1.990000e+00,acoustic_kinetic_energy,0.000000e+00
1.990000e+00,elastic_energy,3.143780e+10
1.990000e+00,elastic_kinetic_energy,2.147681e+09
1.990000e+00,momentumX,-2.736808e+10
1.990000e+00,momentumY,5.720174e+09
1.990000e+00,momentumZ,6.972001e+08
1.990000e+00,plastic_moment,0.000000e+00
1.990000e+00,total_frictional_work,3.668274e+10
1.990000e+00,static_frictional_work,2.923260e+10
1.990000e+00,seismic_moment,1.481698e+14
1.990000e+00,potency,2.059145e+04
1.990000e+00,plastic_moment,0.000000e+00
2.000000e+00,gravitational_energy,0.000000e+00
2.000000e+00,acoustic_energy,0.000000e+00
2.000000e+00,acoustic_kinetic_energy,0.000000e+00
2.000000e+00,elastic_energy,3.143131e+10
2.000000e+00,elastic_kinetic_energy,2.139909e+09
2.000000e+00,momentumX,-2.758895e+10
2.000000e+00,momentumY,5.813211e+09
2.000000e+00,momentumZ,6.417918e+08
2.000000e+00,plastic_moment,0.000000e+00
2.000000e+00,total_frictional_work,3.668274e+10
2.000000e+00,static_frictional_work,2.922782e+10
2.000000e+00,seismic_moment,1.481732e+14
2.000000e+00,potency,2.059187e+04
2.000000e+00,plastic_moment,0.000000e+00
