time,variable,measurement
0.000000e+00,gravitational_energy,0.000000e+00
0.000000e+00,acoustic_energy,0.000000e+00
0.000000e+00,acoustic_kinetic_energy,0.000000e+00
0.000000e+00,elastic_energy,0.000000e+00
0.000000e+00,elastic_kinetic_energy,0.000000e+00
0.000000e+00,momentumX,0.000000e+00
0.000000e+00,momentumY,0.000000e+00
0.000000e+00,momentumZ,0.000000e+00
0.000000e+00,plastic_moment,0.000000e+00
0.000000e+00,total_frictional_work,0.000000e+00
0.000000e+00,static_frictional_work,0.000000e+00
0.000000e+00,seismic_moment,0.000000e+00
0.000000e+00,potency,0.000000e+00
0.000000e+00,plastic_moment,0.000000e+00
1.000000e-02,gravitational_energy,0.000000e+00
1.000000e-02,acoustic_energy,0.000000e+00
1.000000e-02,acoustic_kinetic_energy,0.000000e+00
1.000000e-02,elastic_energy,6.150658e+06
1.000000e-02,elastic_kinetic_energy,3.507219e+06
1.000000e-02,momentumX,3.399327e-08
1.000000e-02,momentumY,-4.968024e-08
1.000000e-02,momentumZ,1.201988e-08
1.000000e-02,plastic_moment,0.000000e+00
1.000000e-02,total_frictional_work,9.848835e+06
1.000000e-02,static_frictional_work,6.238974e+06
1.000000e-02,seismic_moment,4.627302e+11
1.000000e-02,potency,1.697470e+01
1.000000e-02,plastic_moment,0.000000e+00
2.000000e-02,gravitational_energy,0.000000e+00
2.000000e-02,acoustic_energy,0.000000e+00
2.000000e-02,acoustic_kinetic_energy,0.000000e+00
2.000000e-02,elastic_energy,1.970252e+07
2.000000e-02,elastic_kinetic_energy,6.060801e+06
2.000000e-02,momentumX,1.277076e-07
2.000000e-02,momentumY,-1.740700e-07
2.000000e-02,momentumZ,1.168846e-07
2.000000e-02,plastic_moment,0.000000e+00
2.000000e-02,total_frictional_work,2.594258e+07
2.000000e-02,static_frictional_work,1.896869e+07
2.000000e-02,seismic_moment,9.775402e+11
2.000000e-02,potency,3.586000e+01
2.000000e-02,plastic_moment,0.000000e+00
3.000000e-02,gravitational_energy,0.000000e+00
3.000000e-02,acoustic_energy,0.000000e+00
3.000000e-02,acoustic_kinetic_energy,0.000000e+00
3.000000e-02,elastic_energy,3.847191e+07
3.000000e-02,elastic_kinetic_energy,6.808088e+06
3.000000e-02,momentumX,-1.690350e-07
3.000000e-02,momentumY,-2.810848e-07
3.000000e-02,momentumZ,1.924345e-07
3.000000e-02,plastic_moment,0.000000e+00
3.000000e-02,total_frictional_work,4.537346e+07
3.000000e-02,static_frictional_work,3.607917e+07
3.000000e-02,seismic_moment,1.513609e+12
3.000000e-02,potency,5.552602e+01
3.000000e-02,plastic_moment,0.000000e+00
4.000000e-02,gravitational_energy,0.000000e+00
4.000000e-02,acoustic_energy,0.000000e+00
4.000000e-02,acoustic_kinetic_energy,0.000000e+00
4.000000e-02,elastic_energy,5.908141e+07
4.000000e-02,elastic_kinetic_energy,6.817379e+06
4.000000e-02,momentumX,-3.352761e-07
4.000000e-02,momentumY,1.533772e-07
4.000000e-02,momentumZ,-4.328322e-07
4.000000e-02,plastic_moment,0.000000e+00
4.000000e-02,total_frictional_work,6.577202e+07
4.000000e-02,static_frictional_work,5.534894e+07
4.000000e-02,seismic_moment,2.054470e+12
4.000000e-02,potency,7.537007e+01
4.000000e-02,plastic_moment,0.000000e+00
5.000000e-02,gravitational_energy,0.000000e+00
5.000000e-02,acoustic_energy,0.000000e+00
5.000000e-02,acoustic_kinetic_energy,0.000000e+00
5.000000e-02,elastic_energy,7.923352e+07
5.000000e-02,elastic_kinetic_energy,6.737848e+06
5.000000e-02,momentumX,-5.270704e-07
5.000000e-02,momentumY,7.171184e-08
5.000000e-02,momentumZ,-9.280629e-07
5.000000e-02,plastic_moment,0.000000e+00
5.000000e-02,total_frictional_work,8.527931e+07
5.000000e-02,static_frictional_work,7.563821e+07
5.000000e-02,seismic_moment,2.619491e+12
5.000000e-02,potency,9.610404e+01
5.000000e-02,plastic_moment,0.000000e+00
6.000000e-02,gravitational_energy,0.000000e+00
6.000000e-02,acoustic_energy,0.000000e+00
6.000000e-02,acoustic_kinetic_energy,0.000000e+00
6.000000e-02,elastic_energy,1.021482e+08
6.000000e-02,elastic_kinetic_energy,6.927905e+06
6.000000e-02,momentumX,2.913876e-06
6.000000e-02,momentumY,-2.139714e-07
6.000000e-02,momentumZ,7.266644e-07
6.000000e-02,plastic_moment,0.000000e+00
6.000000e-02,total_frictional_work,1.074479e+08
6.000000e-02,static_frictional_work,9.961043e+07
6.000000e-02,seismic_moment,3.215251e+12
6.000000e-02,potency,1.179725e+02
6.000000e-02,plastic_moment,0.000000e+00
7.000000e-02,gravitational_energy,0.000000e+00
7.000000e-02,acoustic_energy,0.000000e+00
7.000000e-02,acoustic_kinetic_energy,0.000000e+00
7.000000e-02,elastic_energy,1.320317e+08
7.000000e-02,elastic_kinetic_energy,7.701956e+06
7.000000e-02,momentumX,5.355105e-07
7.000000e-02,momentumY,-2.610032e-07
7.000000e-02,momentumZ,-1.386274e-06
7.000000e-02,plastic_moment,0.000000e+00
7.000000e-02,total_frictional_work,1.368132e+08
7.000000e-02,static_frictional_work,1.311846e+08
7.000000e-02,seismic_moment,3.881256e+12
7.000000e-02,potency,1.424274e+02
7.000000e-02,plastic_moment,0.000000e+00
8.000000e-02,gravitational_energy,0.000000e+00
8.000000e-02,acoustic_energy,0.000000e+00
8.000000e-02,acoustic_kinetic_energy,0.000000e+00
8.000000e-02,elastic_energy,1.727596e+08
8.000000e-02,elastic_kinetic_energy,9.620278e+06
8.000000e-02,momentumX,-3.557885e-06
8.000000e-02,momentumY,-1.306180e-07
8.000000e-02,momentumZ,8.889474e-07
8.000000e-02,plastic_moment,0.000000e+00
8.000000e-02,total_frictional_work,1.775722e+08
8.000000e-02,static_frictional_work,1.753004e+08
8.000000e-02,seismic_moment,4.715455e+12
8.000000e-02,potency,1.730700e+02
8.000000e-02,plastic_moment,0.000000e+00
9.000000e-02,gravitational_energy,0.000000e+00
9.000000e-02,acoustic_energy,0.000000e+00
9.000000e-02,acoustic_kinetic_energy,0.000000e+00
9.000000e-02,elastic_energy,2.317616e+08
9.000000e-02,elastic_kinetic_energy,1.394899e+07
9.000000e-02,momentumX,-7.268507e-06
9.000000e-02,momentumY,-1.780398e-06
9.000000e-02,momentumZ,1.859502e-06
9.000000e-02,plastic_moment,0.000000e+00
9.000000e-02,total_frictional_work,2.379659e+08
9.000000e-02,static_frictional_work,2.411325e+08
9.000000e-02,seismic_moment,5.855093e+12
9.000000e-02,potency,2.149441e+02
9.000000e-02,plastic_moment,0.000000e+00
1.000000e-01,gravitational_energy,0.000000e+00
1.000000e-01,acoustic_energy,0.000000e+00
1.000000e-01,acoustic_kinetic_energy,0.000000e+00
1.000000e-01,elastic_energy,3.243596e+08
1.000000e-01,elastic_kinetic_energy,2.361875e+07
1.000000e-01,momentumX,-1.173839e-05
1.000000e-01,momentumY,-4.932284e-06
1.000000e-01,momentumZ,1.911772e-06
1.000000e-01,plastic_moment,0.000000e+00
1.000000e-01,total_frictional_work,3.352799e+08
1.000000e-01,static_frictional_work,3.471970e+08
1.000000e-01,seismic_moment,7.502774e+12
1.000000e-01,potency,2.754802e+02
1.000000e-01,plastic_moment,0.000000e+00
1.100000e-01,gravitational_energy,0.000000e+00
1.100000e-01,acoustic_energy,0.000000e+00
1.100000e-01,acoustic_kinetic_energy,0.000000e+00
1.100000e-01,elastic_energy,4.791295e+08
1.100000e-01,elastic_kinetic_energy,4.556577e+07
1.100000e-01,momentumX,-1.829723e-05
1.100000e-01,momentumY,-6.765709e-06
1.100000e-01,momentumZ,2.361834e-06
1.100000e-01,plastic_moment,0.000000e+00
1.100000e-01,total_frictional_work,5.036794e+08
1.100000e-01,static_frictional_work,5.292763e+08
1.100000e-01,seismic_moment,9.999465e+12
1.100000e-01,potency,3.671862e+02
1.100000e-01,plastic_moment,0.000000e+00
1.200000e-01,gravitational_energy,0.000000e+00
1.200000e-01,acoustic_energy,0.000000e+00
1.200000e-01,acoustic_kinetic_energy,0.000000e+00
1.200000e-01,elastic_energy,7.512291e+08
1.200000e-01,elastic_kinetic_energy,9.629223e+07
1.200000e-01,momentumX,-2.201356e-05
1.200000e-01,momentumY,-7.355586e-06
1.200000e-01,momentumZ,4.294096e-06
1.200000e-01,plastic_moment,0.000000e+00
1.200000e-01,total_frictional_work,8.131553e+08
1.200000e-01,static_frictional_work,8.588031e+08
1.200000e-01,seismic_moment,1.391001e+13
1.200000e-01,potency,5.108002e+02
1.200000e-01,plastic_moment,0.000000e+00
1.300000e-01,gravitational_energy,0.000000e+00
1.300000e-01,acoustic_energy,0.000000e+00
1.300000e-01,acoustic_kinetic_energy,0.000000e+00
1.300000e-01,elastic_energy,1.216246e+09
1.300000e-01,elastic_kinetic_energy,2.049048e+08
1.300000e-01,momentumX,-4.831515e-05
1.300000e-01,momentumY,-8.601695e-06
1.300000e-01,momentumZ,5.273148e-06
1.300000e-01,plastic_moment,0.000000e+00
1.300000e-01,total_frictional_work,1.366802e+09
1.300000e-01,static_frictional_work,1.392239e+09
1.300000e-01,seismic_moment,2.002004e+13
1.300000e-01,potency,7.353504e+02
1.300000e-01,plastic_moment,0.000000e+00
1.400000e-01,gravitational_energy,0.000000e+00
1.400000e-01,acoustic_energy,0.000000e+00
1.400000e-01,acoustic_kinetic_energy,0.000000e+00
1.400000e-01,elastic_energy,1.934182e+09
1.400000e-01,elastic_kinetic_energy,4.121413e+08
1.400000e-01,momentumX,-1.115128e-04
1.400000e-01,momentumY,-7.612631e-06
1.400000e-01,momentumZ,1.156423e-05
1.400000e-01,plastic_moment,0.000000e+00
1.400000e-01,total_frictional_work,2.265742e+09
1.400000e-01,static_frictional_work,2.221436e+09
1.400000e-01,seismic_moment,2.921449e+13
1.400000e-01,potency,1.074148e+03
1.400000e-01,plastic_moment,0.000000e+00
1.500000e-01,gravitational_energy,0.000000e+00
1.500000e-01,acoustic_energy,0.000000e+00
1.500000e-01,acoustic_kinetic_energy,0.000000e+00
1.500000e-01,elastic_energy,3.062817e+09
1.500000e-01,elastic_kinetic_energy,8.002697e+08
1.500000e-01,momentumX,-2.085194e-04
1.500000e-01,momentumY,-7.938594e-06
1.500000e-01,momentumZ,2.793199e-05
1.500000e-01,plastic_moment,0.000000e+00
1.500000e-01,total_frictional_work,3.751854e+09
1.500000e-01,static_frictional_work,3.532212e+09
1.500000e-01,seismic_moment,4.276395e+13
1.500000e-01,potency,1.576600e+03
1.500000e-01,plastic_moment,0.000000e+00
1.600000e-01,gravitational_energy,0.000000e+00
1.600000e-01,acoustic_energy,0.000000e+00
1.600000e-01,acoustic_kinetic_energy,0.000000e+00
1.600000e-01,elastic_energy,4.784493e+09
1.600000e-01,elastic_kinetic_energy,1.477589e+09
1.600000e-01,momentumX,-3.226362e-04
1.600000e-01,momentumY,-1.837476e-05
1.600000e-01,momentumZ,3.164075e-05
1.600000e-01,plastic_moment,0.000000e+00
1.600000e-01,total_frictional_work,6.117213e+09
1.600000e-01,static_frictional_work,5.448999e+09
1.600000e-01,seismic_moment,6.177127e+13
1.600000e-01,potency,2.293976e+03
1.600000e-01,plastic_moment,0.000000e+00
1.700000e-01,gravitational_energy,0.000000e+00
1.700000e-01,acoustic_energy,0.000000e+00
1.700000e-01,acoustic_kinetic_energy,0.000000e+00
1.700000e-01,elastic_energy,7.243940e+09
1.700000e-01,elastic_kinetic_energy,2.569412e+09
1.700000e-01,momentumX,-4.332984e-04
1.700000e-01,momentumY,-5.717203e-05
1.700000e-01,momentumZ,3.734231e-05
1.700000e-01,plastic_moment,0.000000e+00
1.700000e-01,total_frictional_work,9.632682e+09
1.700000e-01,static_frictional_work,8.041137e+09
1.700000e-01,seismic_moment,8.654971e+13
1.700000e-01,potency,3.269350e+03
1.700000e-01,plastic_moment,0.000000e+00
1.800000e-01,gravitational_energy,0.000000e+00
1.800000e-01,acoustic_energy,0.000000e+00
1.800000e-01,acoustic_kinetic_energy,0.000000e+00
1.800000e-01,elastic_energy,1.055812e+10
1.800000e-01,elastic_kinetic_energy,4.099907e+09
1.800000e-01,momentumX,-5.807728e-04
1.800000e-01,momentumY,-4.911423e-05
1.800000e-01,momentumZ,2.496690e-05
1.800000e-01,plastic_moment,0.000000e+00
1.800000e-01,total_frictional_work,1.444977e+10
1.800000e-01,static_frictional_work,1.130577e+10
1.800000e-01,seismic_moment,1.169115e+14
1.800000e-01,potency,4.541997e+03
1.800000e-01,plastic_moment,0.000000e+00
1.900000e-01,gravitational_energy,0.000000e+00
1.900000e-01,acoustic_energy,0.000000e+00
1.900000e-01,acoustic_kinetic_energy,0.000000e+00
1.900000e-01,elastic_energy,1.477148e+10
1.900000e-01,elastic_kinetic_energy,6.083761e+09
1.900000e-01,momentumX,-8.896589e-04
1.900000e-01,momentumY,3.948808e-06
1.900000e-01,momentumZ,4.605041e-06
1.900000e-01,plastic_moment,0.000000e+00
1.900000e-01,total_frictional_work,2.061571e+10
1.900000e-01,static_frictional_work,1.530026e+10
1.900000e-01,seismic_moment,1.529959e+14
1.900000e-01,potency,6.147493e+03
1.900000e-01,plastic_moment,0.000000e+00
2.000000e-01,gravitational_energy,0.000000e+00
2.000000e-01,acoustic_energy,0.000000e+00
2.000000e-01,acoustic_kinetic_energy,0.000000e+00
2.000000e-01,elastic_energy,1.996069e+10
2.000000e-01,elastic_kinetic_energy,8.562112e+09
2.000000e-01,momentumX,-1.510374e-03
2.000000e-01,momentumY,1.637563e-04
2.000000e-01,momentumZ,-6.103888e-05
2.000000e-01,plastic_moment,0.000000e+00
2.000000e-01,total_frictional_work,2.824711e+10
2.000000e-01,static_frictional_work,2.011187e+10
2.000000e-01,seismic_moment,1.949740e+14
2.000000e-01,potency,8.106712e+03
2.000000e-01,plastic_moment,0.000000e+00
2.100000e-01,gravitational_energy,0.000000e+00
2.100000e-01,acoustic_energy,0.000000e+00
2.100000e-01,acoustic_kinetic_energy,0.000000e+00
2.100000e-01,elastic_energy,2.629827e+10
2.100000e-01,elastic_kinetic_energy,1.151652e+10
2.100000e-01,momentumX,-1.907738e-03
2.100000e-01,momentumY,4.095286e-04
2.100000e-01,momentumZ,-1.889467e-04
2.100000e-01,plastic_moment,0.000000e+00
2.100000e-01,total_frictional_work,3.753108e+10
2.100000e-01,static_frictional_work,2.581769e+10
2.100000e-01,seismic_moment,2.422154e+14
2.100000e-01,potency,1.041755e+04
2.100000e-01,plastic_moment,0.000000e+00
2.200000e-01,gravitational_energy,0.000000e+00
2.200000e-01,acoustic_energy,0.000000e+00
2.200000e-01,acoustic_kinetic_energy,0.000000e+00
2.200000e-01,elastic_energy,3.396193e+10
2.200000e-01,elastic_kinetic_energy,1.462394e+10
2.200000e-01,momentumX,-2.946019e-03
2.200000e-01,momentumY,8.177236e-04
2.200000e-01,momentumZ,-3.390387e-04
2.200000e-01,plastic_moment,0.000000e+00
2.200000e-01,total_frictional_work,4.830144e+10
2.200000e-01,static_frictional_work,3.219361e+10
2.200000e-01,seismic_moment,2.918128e+14
2.200000e-01,potency,1.302718e+04
2.200000e-01,plastic_moment,0.000000e+00
2.300000e-01,gravitational_energy,0.000000e+00
2.300000e-01,acoustic_energy,0.000000e+00
2.300000e-01,acoustic_kinetic_energy,0.000000e+00
2.300000e-01,elastic_energy,4.251081e+10
2.300000e-01,elastic_kinetic_energy,1.741523e+10
2.300000e-01,momentumX,-3.856659e-03
2.300000e-01,momentumY,1.244522e-03
2.300000e-01,momentumZ,-4.757494e-04
2.300000e-01,plastic_moment,0.000000e+00
2.300000e-01,total_frictional_work,5.966441e+10
2.300000e-01,static_frictional_work,3.859295e+10
2.300000e-01,seismic_moment,3.382132e+14
2.300000e-01,potency,1.570465e+04
2.300000e-01,plastic_moment,0.000000e+00
2.400000e-01,gravitational_energy,0.000000e+00
2.400000e-01,acoustic_energy,0.000000e+00
2.400000e-01,acoustic_kinetic_energy,0.000000e+00
2.400000e-01,elastic_energy,5.136989e+10
2.400000e-01,elastic_kinetic_energy,1.988147e+10
2.400000e-01,momentumX,-5.314350e-03
2.400000e-01,momentumY,1.697354e-03
2.400000e-01,momentumZ,-6.358176e-04
2.400000e-01,plastic_moment,0.000000e+00
2.400000e-01,total_frictional_work,7.101988e+10
2.400000e-01,static_frictional_work,4.486073e+10
2.400000e-01,seismic_moment,3.797674e+14
2.400000e-01,potency,1.839488e+04
2.400000e-01,plastic_moment,0.000000e+00
2.500000e-01,gravitational_energy,0.000000e+00
2.500000e-01,acoustic_energy,0.000000e+00
2.500000e-01,acoustic_kinetic_energy,0.000000e+00
2.500000e-01,elastic_energy,6.027177e+10
2.500000e-01,elastic_kinetic_energy,2.224079e+10
2.500000e-01,momentumX,-6.804943e-03
2.500000e-01,momentumY,2.151057e-03
2.500000e-01,momentumZ,-7.402487e-04
2.500000e-01,plastic_moment,0.000000e+00
2.500000e-01,total_frictional_work,8.231315e+10
2.500000e-01,static_frictional_work,5.109428e+10
2.500000e-01,seismic_moment,4.178344e+14
2.500000e-01,potency,2.115196e+04
2.500000e-01,plastic_moment,0.000000e+00
2.600000e-01,gravitational_energy,0.000000e+00
2.600000e-01,acoustic_energy,0.000000e+00
2.600000e-01,acoustic_kinetic_energy,0.000000e+00
2.600000e-01,elastic_energy,6.919195e+10
2.600000e-01,elastic_kinetic_energy,2.464566e+10
2.600000e-01,momentumX,-3.154874e-03
2.600000e-01,momentumY,-2.215803e-05
2.600000e-01,momentumZ,-3.377199e-04
2.600000e-01,plastic_moment,0.000000e+00
2.600000e-01,total_frictional_work,9.367467e+10
2.600000e-01,static_frictional_work,5.740960e+10
2.600000e-01,seismic_moment,4.536640e+14
2.600000e-01,potency,2.398011e+04
2.600000e-01,plastic_moment,0.000000e+00
2.700000e-01,gravitational_energy,0.000000e+00
2.700000e-01,acoustic_energy,0.000000e+00
2.700000e-01,acoustic_kinetic_energy,0.000000e+00
2.700000e-01,elastic_energy,7.824385e+10
2.700000e-01,elastic_kinetic_energy,2.716227e+10
2.700000e-01,momentumX,7.441938e-04
2.700000e-01,momentumY,-2.474573e-03
2.700000e-01,momentumZ,3.820658e-05
2.700000e-01,plastic_moment,0.000000e+00
2.700000e-01,total_frictional_work,1.053344e+11
2.700000e-01,static_frictional_work,6.396015e+10
2.700000e-01,seismic_moment,4.884797e+14
2.700000e-01,potency,2.691191e+04
2.700000e-01,plastic_moment,0.000000e+00
2.800000e-01,gravitational_energy,0.000000e+00
2.800000e-01,acoustic_energy,0.000000e+00
2.800000e-01,acoustic_kinetic_energy,0.000000e+00
2.800000e-01,elastic_energy,8.750555e+10
2.800000e-01,elastic_kinetic_energy,2.980284e+10
2.800000e-01,momentumX,4.493982e-03
2.800000e-01,momentumY,-5.086765e-03
2.800000e-01,momentumZ,6.310642e-04
2.800000e-01,plastic_moment,0.000000e+00
2.800000e-01,total_frictional_work,1.173339e+11
2.800000e-01,static_frictional_work,7.078082e+10
2.800000e-01,seismic_moment,5.230220e+14
2.800000e-01,potency,2.997242e+04
2.800000e-01,plastic_moment,0.000000e+00
2.900000e-01,gravitational_energy,0.000000e+00
2.900000e-01,acoustic_energy,0.000000e+00
2.900000e-01,acoustic_kinetic_energy,0.000000e+00
2.900000e-01,elastic_energy,9.703325e+10
2.900000e-01,elastic_kinetic_energy,3.257707e+10
2.900000e-01,momentumX,8.456498e-03
2.900000e-01,momentumY,-7.847100e-03
2.900000e-01,momentumZ,1.338571e-03
2.900000e-01,plastic_moment,0.000000e+00
2.900000e-01,total_frictional_work,1.297331e+11
2.900000e-01,static_frictional_work,7.790475e+10
2.900000e-01,seismic_moment,5.580055e+14
2.900000e-01,potency,3.320496e+04
2.900000e-01,plastic_moment,0.000000e+00
3.000000e-01,gravitational_energy,0.000000e+00
3.000000e-01,acoustic_energy,0.000000e+00
3.000000e-01,acoustic_kinetic_energy,0.000000e+00
3.000000e-01,elastic_energy,1.068727e+11
3.000000e-01,elastic_kinetic_energy,3.553649e+10
3.000000e-01,momentumX,1.266670e-02
3.000000e-01,momentumY,-1.112647e-02
3.000000e-01,momentumZ,2.116199e-03
3.000000e-01,plastic_moment,0.000000e+00
3.000000e-01,total_frictional_work,1.426372e+11
3.000000e-01,static_frictional_work,8.542157e+10
3.000000e-01,seismic_moment,5.935584e+14
3.000000e-01,potency,3.656120e+04
3.000000e-01,plastic_moment,0.000000e+00
3.100000e-01,gravitational_energy,0.000000e+00
3.100000e-01,acoustic_energy,0.000000e+00
3.100000e-01,acoustic_kinetic_energy,0.000000e+00
3.100000e-01,elastic_energy,1.170587e+11
3.100000e-01,elastic_kinetic_energy,3.867732e+10
3.100000e-01,momentumX,1.600324e-02
3.100000e-01,momentumY,-1.488387e-02
3.100000e-01,momentumZ,3.112420e-03
3.100000e-01,plastic_moment,0.000000e+00
3.100000e-01,total_frictional_work,1.560930e+11
3.100000e-01,static_frictional_work,9.330912e+10
3.100000e-01,seismic_moment,6.305530e+14
3.100000e-01,potency,4.010085e+04
3.100000e-01,plastic_moment,0.000000e+00
3.200000e-01,gravitational_energy,0.000000e+00
3.200000e-01,acoustic_energy,0.000000e+00
3.200000e-01,acoustic_kinetic_energy,0.000000e+00
3.200000e-01,elastic_energy,1.276229e+11
3.200000e-01,elastic_kinetic_energy,4.200914e+10
3.200000e-01,momentumX,2.082261e-02
3.200000e-01,momentumY,-1.909865e-02
3.200000e-01,momentumZ,4.140694e-03
3.200000e-01,plastic_moment,0.000000e+00
3.200000e-01,total_frictional_work,1.701189e+11
3.200000e-01,static_frictional_work,1.015297e+11
3.200000e-01,seismic_moment,6.695869e+14
3.200000e-01,potency,4.386118e+04
3.200000e-01,plastic_moment,0.000000e+00
3.300000e-01,gravitational_energy,0.000000e+00
3.300000e-01,acoustic_energy,0.000000e+00
3.300000e-01,acoustic_kinetic_energy,0.000000e+00
3.300000e-01,elastic_energy,1.386197e+11
3.300000e-01,elastic_kinetic_energy,4.551476e+10
3.300000e-01,momentumX,2.560866e-02
3.300000e-01,momentumY,-2.400523e-02
3.300000e-01,momentumZ,5.313501e-03
3.300000e-01,plastic_moment,0.000000e+00
3.300000e-01,total_frictional_work,1.847725e+11
3.300000e-01,static_frictional_work,1.100740e+11
3.300000e-01,seismic_moment,7.103875e+14
3.300000e-01,potency,4.777449e+04
3.300000e-01,plastic_moment,0.000000e+00
3.400000e-01,gravitational_energy,0.000000e+00
3.400000e-01,acoustic_energy,0.000000e+00
3.400000e-01,acoustic_kinetic_energy,0.000000e+00
3.400000e-01,elastic_energy,1.500989e+11
3.400000e-01,elastic_kinetic_energy,4.909760e+10
3.400000e-01,momentumX,3.005713e-02
3.400000e-01,momentumY,-2.934403e-02
3.400000e-01,momentumZ,6.566077e-03
3.400000e-01,plastic_moment,0.000000e+00
3.400000e-01,total_frictional_work,1.999923e+11
3.400000e-01,static_frictional_work,1.189750e+11
3.400000e-01,seismic_moment,7.524957e+14
3.400000e-01,potency,5.182276e+04
3.400000e-01,plastic_moment,0.000000e+00
3.500000e-01,gravitational_energy,0.000000e+00
3.500000e-01,acoustic_energy,0.000000e+00
3.500000e-01,acoustic_kinetic_energy,0.000000e+00
3.500000e-01,elastic_energy,1.620037e+11
3.500000e-01,elastic_kinetic_energy,5.255263e+10
3.500000e-01,momentumX,3.446393e-02
3.500000e-01,momentumY,-3.553405e-02
3.500000e-01,momentumZ,8.081704e-03
3.500000e-01,plastic_moment,0.000000e+00
3.500000e-01,total_frictional_work,2.155007e+11
3.500000e-01,static_frictional_work,1.280345e+11
3.500000e-01,seismic_moment,7.947517e+14
3.500000e-01,potency,5.598235e+04
3.500000e-01,plastic_moment,0.000000e+00
3.600000e-01,gravitational_energy,0.000000e+00
3.600000e-01,acoustic_energy,0.000000e+00
3.600000e-01,acoustic_kinetic_energy,0.000000e+00
3.600000e-01,elastic_energy,1.739797e+11
3.600000e-01,elastic_kinetic_energy,5.583014e+10
3.600000e-01,momentumX,3.924161e-02
3.600000e-01,momentumY,-4.191315e-02
3.600000e-01,momentumZ,9.975027e-03
3.600000e-01,plastic_moment,0.000000e+00
3.600000e-01,total_frictional_work,2.309188e+11
3.600000e-01,static_frictional_work,1.369900e+11
3.600000e-01,seismic_moment,8.362620e+14
3.600000e-01,potency,6.021854e+04
3.600000e-01,plastic_moment,0.000000e+00
3.700000e-01,gravitational_energy,0.000000e+00
3.700000e-01,acoustic_energy,0.000000e+00
3.700000e-01,acoustic_kinetic_energy,0.000000e+00
3.700000e-01,elastic_energy,1.858592e+11
3.700000e-01,elastic_kinetic_energy,5.900208e+10
3.700000e-01,momentumX,4.434905e-02
3.700000e-01,momentumY,-4.952274e-02
3.700000e-01,momentumZ,1.149747e-02
3.700000e-01,plastic_moment,0.000000e+00
3.700000e-01,total_frictional_work,2.461382e+11
3.700000e-01,static_frictional_work,1.458546e+11
3.700000e-01,seismic_moment,8.768064e+14
3.700000e-01,potency,6.445771e+04
3.700000e-01,plastic_moment,0.000000e+00
3.800000e-01,gravitational_energy,0.000000e+00
3.800000e-01,acoustic_energy,0.000000e+00
3.800000e-01,acoustic_kinetic_energy,0.000000e+00
3.800000e-01,elastic_energy,1.976209e+11
3.800000e-01,elastic_kinetic_energy,6.204465e+10
3.800000e-01,momentumX,4.951924e-02
3.800000e-01,momentumY,-5.744389e-02
3.800000e-01,momentumZ,1.340392e-02
3.800000e-01,plastic_moment,0.000000e+00
3.800000e-01,total_frictional_work,2.610963e+11
3.800000e-01,static_frictional_work,1.545495e+11
3.800000e-01,seismic_moment,9.170263e+14
3.800000e-01,potency,6.871549e+04
3.800000e-01,plastic_moment,0.000000e+00
3.900000e-01,gravitational_energy,0.000000e+00
3.900000e-01,acoustic_energy,0.000000e+00
3.900000e-01,acoustic_kinetic_energy,0.000000e+00
3.900000e-01,elastic_energy,2.092046e+11
3.900000e-01,elastic_kinetic_energy,6.493508e+10
3.900000e-01,momentumX,5.586326e-02
3.900000e-01,momentumY,-6.639856e-02
3.900000e-01,momentumZ,1.767841e-02
3.900000e-01,plastic_moment,0.000000e+00
3.900000e-01,total_frictional_work,2.757446e+11
3.900000e-01,static_frictional_work,1.630111e+11
3.900000e-01,seismic_moment,9.568689e+14
3.900000e-01,potency,7.294965e+04
3.900000e-01,plastic_moment,0.000000e+00
4.000000e-01,gravitational_energy,0.000000e+00
4.000000e-01,acoustic_energy,0.000000e+00
4.000000e-01,acoustic_kinetic_energy,0.000000e+00
4.000000e-01,elastic_energy,2.205537e+11
4.000000e-01,elastic_kinetic_energy,6.764337e+10
4.000000e-01,momentumX,6.210531e-02
4.000000e-01,momentumY,-7.525742e-02
4.000000e-01,momentumZ,1.843283e-02
4.000000e-01,plastic_moment,0.000000e+00
4.000000e-01,total_frictional_work,2.900105e+11
4.000000e-01,static_frictional_work,1.710474e+11
4.000000e-01,seismic_moment,9.961091e+14
4.000000e-01,potency,7.712932e+04
4.000000e-01,plastic_moment,0.000000e+00
4.100000e-01,gravitational_energy,0.000000e+00
4.100000e-01,acoustic_energy,0.000000e+00
4.100000e-01,acoustic_kinetic_energy,0.000000e+00
4.100000e-01,elastic_energy,2.316012e+11
4.100000e-01,elastic_kinetic_energy,7.017475e+10
4.100000e-01,momentumX,6.858992e-02
4.100000e-01,momentumY,-8.570215e-02
4.100000e-01,momentumZ,1.648925e-02
4.100000e-01,plastic_moment,0.000000e+00
4.100000e-01,total_frictional_work,3.037738e+11
4.100000e-01,static_frictional_work,1.787732e+11
4.100000e-01,seismic_moment,1.033553e+15
4.100000e-01,potency,8.122507e+04
4.100000e-01,plastic_moment,0.000000e+00
4.200000e-01,gravitational_energy,0.000000e+00
4.200000e-01,acoustic_energy,0.000000e+00
4.200000e-01,acoustic_kinetic_energy,0.000000e+00
4.200000e-01,elastic_energy,2.422412e+11
4.200000e-01,elastic_kinetic_energy,7.256759e+10
4.200000e-01,momentumX,7.741904e-02
4.200000e-01,momentumY,-9.707069e-02
4.200000e-01,momentumZ,2.794933e-02
4.200000e-01,plastic_moment,0.000000e+00
4.200000e-01,total_frictional_work,3.170114e+11
4.200000e-01,static_frictional_work,1.862455e+11
4.200000e-01,seismic_moment,1.067732e+15
4.200000e-01,potency,8.518917e+04
4.200000e-01,plastic_moment,0.000000e+00
4.300000e-01,gravitational_energy,0.000000e+00
4.300000e-01,acoustic_energy,0.000000e+00
4.300000e-01,acoustic_kinetic_energy,0.000000e+00
4.300000e-01,elastic_energy,2.523661e+11
4.300000e-01,elastic_kinetic_energy,7.493685e+10
4.300000e-01,momentumX,8.786952e-02
4.300000e-01,momentumY,-1.082373e-01
4.300000e-01,momentumZ,3.630552e-02
4.300000e-01,plastic_moment,0.000000e+00
4.300000e-01,total_frictional_work,3.297284e+11
4.300000e-01,static_frictional_work,1.933009e+11
4.300000e-01,seismic_moment,1.099217e+15
4.300000e-01,potency,8.907055e+04
4.300000e-01,plastic_moment,0.000000e+00
4.400000e-01,gravitational_energy,0.000000e+00
4.400000e-01,acoustic_energy,0.000000e+00
4.400000e-01,acoustic_kinetic_energy,0.000000e+00
4.400000e-01,elastic_energy,2.621326e+11
4.400000e-01,elastic_kinetic_energy,7.725305e+10
4.400000e-01,momentumX,9.229922e-02
4.400000e-01,momentumY,-1.188896e-01
4.400000e-01,momentumZ,4.042259e-02
4.400000e-01,plastic_moment,0.000000e+00
4.400000e-01,total_frictional_work,3.420182e+11
4.400000e-01,static_frictional_work,2.000636e+11
4.400000e-01,seismic_moment,1.129059e+15
4.400000e-01,potency,9.290219e+04
4.400000e-01,plastic_moment,0.000000e+00
4.500000e-01,gravitational_energy,0.000000e+00
4.500000e-01,acoustic_energy,0.000000e+00
4.500000e-01,acoustic_kinetic_energy,0.000000e+00
4.500000e-01,elastic_energy,2.716081e+11
4.500000e-01,elastic_kinetic_energy,7.946987e+10
4.500000e-01,momentumX,9.456062e-02
4.500000e-01,momentumY,-1.297349e-01
4.500000e-01,momentumZ,3.121483e-02
4.500000e-01,plastic_moment,0.000000e+00
4.500000e-01,total_frictional_work,3.539554e+11
4.500000e-01,static_frictional_work,2.066348e+11
4.500000e-01,seismic_moment,1.157320e+15
4.500000e-01,potency,9.662976e+04
4.500000e-01,plastic_moment,0.000000e+00
4.600000e-01,gravitational_energy,0.000000e+00
4.600000e-01,acoustic_energy,0.000000e+00
4.600000e-01,acoustic_kinetic_energy,0.000000e+00
4.600000e-01,elastic_energy,2.808297e+11
4.600000e-01,elastic_kinetic_energy,8.160467e+10
4.600000e-01,momentumX,1.244521e-01
4.600000e-01,momentumY,-1.445101e-01
4.600000e-01,momentumZ,-1.000780e-01
4.600000e-01,plastic_moment,0.000000e+00
4.600000e-01,total_frictional_work,3.655785e+11
4.600000e-01,static_frictional_work,2.131320e+11
4.600000e-01,seismic_moment,1.184988e+15
4.600000e-01,potency,1.003412e+05
4.600000e-01,plastic_moment,0.000000e+00
4.700000e-01,gravitational_energy,0.000000e+00
4.700000e-01,acoustic_energy,0.000000e+00
4.700000e-01,acoustic_kinetic_energy,0.000000e+00
4.700000e-01,elastic_energy,2.896787e+11
4.700000e-01,elastic_kinetic_energy,8.381079e+10
4.700000e-01,momentumX,1.611876e-01
4.700000e-01,momentumY,-1.675189e-01
4.700000e-01,momentumZ,2.425995e-02
4.700000e-01,plastic_moment,0.000000e+00
4.700000e-01,total_frictional_work,3.769423e+11
4.700000e-01,static_frictional_work,2.197096e+11
4.700000e-01,seismic_moment,1.212799e+15
4.700000e-01,potency,1.040807e+05
4.700000e-01,plastic_moment,0.000000e+00
4.800000e-01,gravitational_energy,0.000000e+00
4.800000e-01,acoustic_energy,0.000000e+00
4.800000e-01,acoustic_kinetic_energy,0.000000e+00
4.800000e-01,elastic_energy,2.978100e+11
4.800000e-01,elastic_kinetic_energy,8.613149e+10
4.800000e-01,momentumX,1.310519e-01
4.800000e-01,momentumY,-1.690936e-01
4.800000e-01,momentumZ,8.117802e-01
4.800000e-01,plastic_moment,0.000000e+00
4.800000e-01,total_frictional_work,3.876401e+11
4.800000e-01,static_frictional_work,2.260132e+11
4.800000e-01,seismic_moment,1.241751e+15
4.800000e-01,potency,1.079766e+05
4.800000e-01,plastic_moment,0.000000e+00
4.900000e-01,gravitational_energy,0.000000e+00
4.900000e-01,acoustic_energy,0.000000e+00
4.900000e-01,acoustic_kinetic_energy,0.000000e+00
4.900000e-01,elastic_energy,3.059563e+11
4.900000e-01,elastic_kinetic_energy,8.806954e+10
4.900000e-01,momentumX,6.583360e-02
4.900000e-01,momentumY,-1.358087e-01
4.900000e-01,momentumZ,3.230546e-01
4.900000e-01,plastic_moment,0.000000e+00
4.900000e-01,total_frictional_work,3.980116e+11
4.900000e-01,static_frictional_work,2.320418e+11
4.900000e-01,seismic_moment,1.271202e+15
4.900000e-01,potency,1.119324e+05
4.900000e-01,plastic_moment,0.000000e+00
5.000000e-01,gravitational_energy,0.000000e+00
5.000000e-01,acoustic_energy,0.000000e+00
5.000000e-01,acoustic_kinetic_energy,0.000000e+00
5.000000e-01,elastic_energy,3.154760e+11
5.000000e-01,elastic_kinetic_energy,8.804282e+10
5.000000e-01,momentumX,1.331278e-01
5.000000e-01,momentumY,-1.878250e-01
5.000000e-01,momentumZ,-2.754693e+00
5.000000e-01,plastic_moment,0.000000e+00
5.000000e-01,total_frictional_work,4.077980e+11
5.000000e-01,static_frictional_work,2.376843e+11
5.000000e-01,seismic_moment,1.298047e+15
5.000000e-01,potency,1.155191e+05
5.000000e-01,plastic_moment,0.000000e+00
5.100000e-01,gravitational_energy,0.000000e+00
5.100000e-01,acoustic_energy,0.000000e+00
5.100000e-01,acoustic_kinetic_energy,0.000000e+00
5.100000e-01,elastic_energy,3.253416e+11
5.100000e-01,elastic_kinetic_energy,8.650400e+10
5.100000e-01,momentumX,3.483450e-01
5.100000e-01,momentumY,-3.195075e-01
5.100000e-01,momentumZ,-1.905377e+00
5.100000e-01,plastic_moment,0.000000e+00
5.100000e-01,total_frictional_work,4.163658e+11
5.100000e-01,static_frictional_work,2.427220e+11
5.100000e-01,seismic_moment,1.320900e+15
5.100000e-01,potency,1.185629e+05
5.100000e-01,plastic_moment,0.000000e+00
5.200000e-01,gravitational_energy,0.000000e+00
5.200000e-01,acoustic_energy,0.000000e+00
5.200000e-01,acoustic_kinetic_energy,0.000000e+00
5.200000e-01,elastic_energy,3.350450e+11
5.200000e-01,elastic_kinetic_energy,8.361211e+10
5.200000e-01,momentumX,3.793969e-01
5.200000e-01,momentumY,-2.014672e-01
5.200000e-01,momentumZ,7.907208e+00
5.200000e-01,plastic_moment,0.000000e+00
5.200000e-01,total_frictional_work,4.233871e+11
5.200000e-01,static_frictional_work,2.469820e+11
5.200000e-01,seismic_moment,1.339390e+15
5.200000e-01,potency,1.210250e+05
5.200000e-01,plastic_moment,0.000000e+00
5.300000e-01,gravitational_energy,0.000000e+00
5.300000e-01,acoustic_energy,0.000000e+00
5.300000e-01,acoustic_kinetic_energy,0.000000e+00
5.300000e-01,elastic_energy,3.437664e+11
5.300000e-01,elastic_kinetic_energy,8.004016e+10
5.300000e-01,momentumX,-2.087248e-01
5.300000e-01,momentumY,1.513835e-01
5.300000e-01,momentumZ,9.771756e+00
5.300000e-01,plastic_moment,0.000000e+00
5.300000e-01,total_frictional_work,4.287271e+11
5.300000e-01,static_frictional_work,2.503405e+11
5.300000e-01,seismic_moment,1.353350e+15
5.300000e-01,potency,1.228765e+05
5.300000e-01,plastic_moment,0.000000e+00
5.400000e-01,gravitational_energy,0.000000e+00
5.400000e-01,acoustic_energy,0.000000e+00
5.400000e-01,acoustic_kinetic_energy,0.000000e+00
5.400000e-01,elastic_energy,3.508830e+11
5.400000e-01,elastic_kinetic_energy,7.667315e+10
5.400000e-01,momentumX,-5.907332e-01
5.400000e-01,momentumY,-1.091616e-01
5.400000e-01,momentumZ,-1.551149e+01
5.400000e-01,plastic_moment,0.000000e+00
5.400000e-01,total_frictional_work,4.326584e+11
5.400000e-01,static_frictional_work,2.534206e+11
5.400000e-01,seismic_moment,1.363744e+15
5.400000e-01,potency,1.242435e+05
5.400000e-01,plastic_moment,0.000000e+00
5.500000e-01,gravitational_energy,0.000000e+00
5.500000e-01,acoustic_energy,0.000000e+00
5.500000e-01,acoustic_kinetic_energy,0.000000e+00
5.500000e-01,elastic_energy,3.564064e+11
5.500000e-01,elastic_kinetic_energy,7.399135e+10
5.500000e-01,momentumX,6.985936e-01
5.500000e-01,momentumY,-1.057551e+00
5.500000e-01,momentumZ,-3.465866e+01
5.500000e-01,plastic_moment,0.000000e+00
5.500000e-01,total_frictional_work,4.356588e+11
5.500000e-01,static_frictional_work,2.570774e+11
5.500000e-01,seismic_moment,1.371879e+15
5.500000e-01,potency,1.252999e+05
5.500000e-01,plastic_moment,0.000000e+00
5.600000e-01,gravitational_energy,0.000000e+00
5.600000e-01,acoustic_energy,0.000000e+00
5.600000e-01,acoustic_kinetic_energy,0.000000e+00
5.600000e-01,elastic_energy,3.607571e+11
5.600000e-01,elastic_kinetic_energy,7.194738e+10
5.600000e-01,momentumX,1.629542e+00
5.600000e-01,momentumY,-5.735669e-01
5.600000e-01,momentumZ,1.423155e+01
5.600000e-01,plastic_moment,0.000000e+00
5.600000e-01,total_frictional_work,4.380937e+11
5.600000e-01,static_frictional_work,2.611262e+11
5.600000e-01,seismic_moment,1.378732e+15
5.600000e-01,potency,1.261651e+05
5.600000e-01,plastic_moment,0.000000e+00
5.700000e-01,gravitational_energy,0.000000e+00
5.700000e-01,acoustic_energy,0.000000e+00
5.700000e-01,acoustic_kinetic_energy,0.000000e+00
5.700000e-01,elastic_energy,3.642788e+11
5.700000e-01,elastic_kinetic_energy,7.040986e+10
5.700000e-01,momentumX,-9.921064e-01
5.700000e-01,momentumY,2.133813e+00
5.700000e-01,momentumZ,9.133854e+01
5.700000e-01,plastic_moment,0.000000e+00
5.700000e-01,total_frictional_work,4.401987e+11
5.700000e-01,static_frictional_work,2.656631e+11
5.700000e-01,seismic_moment,1.384945e+15
5.700000e-01,potency,1.269371e+05
5.700000e-01,plastic_moment,0.000000e+00
5.800000e-01,gravitational_energy,0.000000e+00
5.800000e-01,acoustic_energy,0.000000e+00
5.800000e-01,acoustic_kinetic_energy,0.000000e+00
5.800000e-01,elastic_energy,3.671839e+11
5.800000e-01,elastic_kinetic_energy,6.930413e+10
5.800000e-01,momentumX,-2.431391e+00
5.800000e-01,momentumY,1.833098e+00
5.800000e-01,momentumZ,3.820454e+01
5.800000e-01,plastic_moment,0.000000e+00
5.800000e-01,total_frictional_work,4.421187e+11
5.800000e-01,static_frictional_work,2.703901e+11
5.800000e-01,seismic_moment,1.390795e+15
5.800000e-01,potency,1.276654e+05
5.800000e-01,plastic_moment,0.000000e+00
5.900000e-01,gravitational_energy,0.000000e+00
5.900000e-01,acoustic_energy,0.000000e+00
5.900000e-01,acoustic_kinetic_energy,0.000000e+00
5.900000e-01,elastic_energy,3.696693e+11
5.900000e-01,elastic_kinetic_energy,6.852605e+10
5.900000e-01,momentumX,2.849663e+00
5.900000e-01,momentumY,-5.114464e+00
5.900000e-01,momentumZ,-1.669028e+02
5.900000e-01,plastic_moment,0.000000e+00
5.900000e-01,total_frictional_work,4.439318e+11
5.900000e-01,static_frictional_work,2.750151e+11
5.900000e-01,seismic_moment,1.396541e+15
5.900000e-01,potency,1.283830e+05
5.900000e-01,plastic_moment,0.000000e+00
6.000000e-01,gravitational_energy,0.000000e+00
6.000000e-01,acoustic_energy,0.000000e+00
6.000000e-01,acoustic_kinetic_energy,0.000000e+00
6.000000e-01,elastic_energy,3.719384e+11
6.000000e-01,elastic_kinetic_energy,6.799418e+10
6.000000e-01,momentumX,5.313945e+00
6.000000e-01,momentumY,-7.971485e+00
6.000000e-01,momentumZ,-2.191074e+02
6.000000e-01,plastic_moment,0.000000e+00
6.000000e-01,total_frictional_work,4.457687e+11
6.000000e-01,static_frictional_work,2.794580e+11
6.000000e-01,seismic_moment,1.402279e+15
6.000000e-01,potency,1.291004e+05
6.000000e-01,plastic_moment,0.000000e+00
6.100000e-01,gravitational_energy,0.000000e+00
6.100000e-01,acoustic_energy,0.000000e+00
6.100000e-01,acoustic_kinetic_energy,0.000000e+00
6.100000e-01,elastic_energy,3.741082e+11
6.100000e-01,elastic_kinetic_energy,6.764607e+10
6.100000e-01,momentumX,-4.345323e+00
6.100000e-01,momentumY,5.353634e+00
6.100000e-01,momentumZ,1.497378e+02
6.100000e-01,plastic_moment,0.000000e+00
6.100000e-01,total_frictional_work,4.476986e+11
6.100000e-01,static_frictional_work,2.836958e+11
6.100000e-01,seismic_moment,1.408347e+15
6.100000e-01,potency,1.298666e+05
6.100000e-01,plastic_moment,0.000000e+00
6.200000e-01,gravitational_energy,0.000000e+00
6.200000e-01,acoustic_energy,0.000000e+00
6.200000e-01,acoustic_kinetic_energy,0.000000e+00
6.200000e-01,elastic_energy,3.762602e+11
6.200000e-01,elastic_kinetic_energy,6.743372e+10
6.200000e-01,momentumX,-1.185911e+01
6.200000e-01,momentumY,2.023842e+01
6.200000e-01,momentumZ,5.673655e+02
6.200000e-01,plastic_moment,0.000000e+00
6.200000e-01,total_frictional_work,4.497456e+11
6.200000e-01,static_frictional_work,2.876792e+11
6.200000e-01,seismic_moment,1.414807e+15
6.200000e-01,potency,1.306921e+05
6.200000e-01,plastic_moment,0.000000e+00
6.300000e-01,gravitational_energy,0.000000e+00
6.300000e-01,acoustic_energy,0.000000e+00
6.300000e-01,acoustic_kinetic_energy,0.000000e+00
6.300000e-01,elastic_energy,3.784335e+11
6.300000e-01,elastic_kinetic_energy,6.734672e+10
6.300000e-01,momentumX,-3.224560e+00
6.300000e-01,momentumY,7.641032e+00
6.300000e-01,momentumZ,2.351921e+02
6.300000e-01,plastic_moment,0.000000e+00
6.300000e-01,total_frictional_work,4.519364e+11
6.300000e-01,static_frictional_work,2.914160e+11
6.300000e-01,seismic_moment,1.421697e+15
6.300000e-01,potency,1.315839e+05
6.300000e-01,plastic_moment,0.000000e+00
6.400000e-01,gravitational_energy,0.000000e+00
6.400000e-01,acoustic_energy,0.000000e+00
6.400000e-01,acoustic_kinetic_energy,0.000000e+00
6.400000e-01,elastic_energy,3.806435e+11
6.400000e-01,elastic_kinetic_energy,6.736755e+10
6.400000e-01,momentumX,9.312957e+00
6.400000e-01,momentumY,-2.860130e+01
6.400000e-01,momentumZ,-8.486544e+02
6.400000e-01,plastic_moment,0.000000e+00
6.400000e-01,total_frictional_work,4.542855e+11
6.400000e-01,static_frictional_work,2.949403e+11
6.400000e-01,seismic_moment,1.429055e+15
6.400000e-01,potency,1.325486e+05
6.400000e-01,plastic_moment,0.000000e+00
6.500000e-01,gravitational_energy,0.000000e+00
6.500000e-01,acoustic_energy,0.000000e+00
6.500000e-01,acoustic_kinetic_energy,0.000000e+00
6.500000e-01,elastic_energy,3.829159e+11
6.500000e-01,elastic_kinetic_energy,6.747623e+10
6.500000e-01,momentumX,2.057096e+01
6.500000e-01,momentumY,-4.411274e+01
6.500000e-01,momentumZ,-1.274444e+03
6.500000e-01,plastic_moment,0.000000e+00
6.500000e-01,total_frictional_work,4.567974e+11
6.500000e-01,static_frictional_work,2.984462e+11
6.500000e-01,seismic_moment,1.436905e+15
6.500000e-01,potency,1.335892e+05
6.500000e-01,plastic_moment,0.000000e+00
6.600000e-01,gravitational_energy,0.000000e+00
6.600000e-01,acoustic_energy,0.000000e+00
6.600000e-01,acoustic_kinetic_energy,0.000000e+00
6.600000e-01,elastic_energy,3.852524e+11
6.600000e-01,elastic_kinetic_energy,6.769195e+10
6.600000e-01,momentumX,4.401075e+01
6.600000e-01,momentumY,-5.324332e+00
6.600000e-01,momentumZ,2.511515e+02
6.600000e-01,plastic_moment,0.000000e+00
6.600000e-01,total_frictional_work,4.594953e+11
6.600000e-01,static_frictional_work,3.020570e+11
6.600000e-01,seismic_moment,1.445250e+15
6.600000e-01,potency,1.347083e+05
6.600000e-01,plastic_moment,0.000000e+00
6.700000e-01,gravitational_energy,0.000000e+00
6.700000e-01,acoustic_energy,0.000000e+00
6.700000e-01,acoustic_kinetic_energy,0.000000e+00
6.700000e-01,elastic_energy,3.876711e+11
6.700000e-01,elastic_kinetic_energy,6.801510e+10
6.700000e-01,momentumX,3.687588e+01
6.700000e-01,momentumY,6.374231e+01
6.700000e-01,momentumZ,2.566408e+03
6.700000e-01,plastic_moment,0.000000e+00
6.700000e-01,total_frictional_work,4.624003e+11
6.700000e-01,static_frictional_work,3.056464e+11
6.700000e-01,seismic_moment,1.454064e+15
6.700000e-01,potency,1.359054e+05
6.700000e-01,plastic_moment,0.000000e+00
6.800000e-01,gravitational_energy,0.000000e+00
6.800000e-01,acoustic_energy,0.000000e+00
6.800000e-01,acoustic_kinetic_energy,0.000000e+00
6.800000e-01,elastic_energy,3.902151e+11
6.800000e-01,elastic_kinetic_energy,6.842127e+10
6.800000e-01,momentumX,-1.005770e+02
6.800000e-01,momentumY,9.114314e+01
6.800000e-01,momentumZ,2.372298e+03
6.800000e-01,plastic_moment,0.000000e+00
6.800000e-01,total_frictional_work,4.655301e+11
6.800000e-01,static_frictional_work,3.092749e+11
6.800000e-01,seismic_moment,1.463547e+15
6.800000e-01,potency,1.372091e+05
6.800000e-01,plastic_moment,0.000000e+00
6.900000e-01,gravitational_energy,0.000000e+00
6.900000e-01,acoustic_energy,0.000000e+00
6.900000e-01,acoustic_kinetic_energy,0.000000e+00
6.900000e-01,elastic_energy,3.928897e+11
6.900000e-01,elastic_kinetic_energy,6.889874e+10
6.900000e-01,momentumX,-3.077776e+02
6.900000e-01,momentumY,2.058051e+01
6.900000e-01,momentumZ,-1.808444e+03
6.900000e-01,plastic_moment,0.000000e+00
6.900000e-01,total_frictional_work,4.688945e+11
6.900000e-01,static_frictional_work,3.130075e+11
6.900000e-01,seismic_moment,1.473537e+15
6.900000e-01,potency,1.385935e+05
6.900000e-01,plastic_moment,0.000000e+00
7.000000e-01,gravitational_energy,0.000000e+00
7.000000e-01,acoustic_energy,0.000000e+00
7.000000e-01,acoustic_kinetic_energy,0.000000e+00
7.000000e-01,elastic_energy,3.957113e+11
7.000000e-01,elastic_kinetic_energy,6.944853e+10
7.000000e-01,momentumX,-2.053838e+02
7.000000e-01,momentumY,-1.143472e+02
7.000000e-01,momentumZ,-6.249642e+03
7.000000e-01,plastic_moment,0.000000e+00
7.000000e-01,total_frictional_work,4.725048e+11
7.000000e-01,static_frictional_work,3.168330e+11
7.000000e-01,seismic_moment,1.484199e+15
7.000000e-01,potency,1.400787e+05
7.000000e-01,plastic_moment,0.000000e+00
7.100000e-01,gravitational_energy,0.000000e+00
7.100000e-01,acoustic_energy,0.000000e+00
7.100000e-01,acoustic_kinetic_energy,0.000000e+00
7.100000e-01,elastic_energy,3.986919e+11
7.100000e-01,elastic_kinetic_energy,7.006218e+10
7.100000e-01,momentumX,4.922384e+02
7.100000e-01,momentumY,-1.842029e+02
7.100000e-01,momentumZ,-4.543471e+03
7.100000e-01,plastic_moment,0.000000e+00
7.100000e-01,total_frictional_work,4.763728e+11
7.100000e-01,static_frictional_work,3.207011e+11
7.100000e-01,seismic_moment,1.495617e+15
7.100000e-01,potency,1.416746e+05
7.100000e-01,plastic_moment,0.000000e+00
7.200000e-01,gravitational_energy,0.000000e+00
7.200000e-01,acoustic_energy,0.000000e+00
7.200000e-01,acoustic_kinetic_energy,0.000000e+00
7.200000e-01,elastic_energy,4.018445e+11
7.200000e-01,elastic_kinetic_energy,7.075866e+10
7.200000e-01,momentumX,1.181937e+03
7.200000e-01,momentumY,-7.775952e+01
7.200000e-01,momentumZ,4.798649e+03
7.200000e-01,plastic_moment,0.000000e+00
7.200000e-01,total_frictional_work,4.805243e+11
7.200000e-01,static_frictional_work,3.246672e+11
7.200000e-01,seismic_moment,1.507905e+15
7.200000e-01,potency,1.433953e+05
7.200000e-01,plastic_moment,0.000000e+00
7.300000e-01,gravitational_energy,0.000000e+00
7.300000e-01,acoustic_energy,0.000000e+00
7.300000e-01,acoustic_kinetic_energy,0.000000e+00
7.300000e-01,elastic_energy,4.052010e+11
7.300000e-01,elastic_kinetic_energy,7.156767e+10
7.300000e-01,momentumX,5.411709e+02
7.300000e-01,momentumY,1.508421e+02
7.300000e-01,momentumZ,1.377649e+04
7.300000e-01,plastic_moment,0.000000e+00
7.300000e-01,total_frictional_work,4.850178e+11
7.300000e-01,static_frictional_work,3.287603e+11
7.300000e-01,seismic_moment,1.521029e+15
7.300000e-01,potency,1.452343e+05
7.300000e-01,plastic_moment,0.000000e+00
7.400000e-01,gravitational_energy,0.000000e+00
7.400000e-01,acoustic_energy,0.000000e+00
7.400000e-01,acoustic_kinetic_energy,0.000000e+00
7.400000e-01,elastic_energy,4.087731e+11
7.400000e-01,elastic_kinetic_energy,7.252619e+10
7.400000e-01,momentumX,-1.608671e+03
7.400000e-01,momentumY,2.898632e+02
7.400000e-01,momentumZ,1.056345e+04
7.400000e-01,plastic_moment,0.000000e+00
7.400000e-01,total_frictional_work,4.898876e+11
7.400000e-01,static_frictional_work,3.330049e+11
7.400000e-01,seismic_moment,1.535114e+15
7.400000e-01,potency,1.472093e+05
7.400000e-01,plastic_moment,0.000000e+00
7.500000e-01,gravitational_energy,0.000000e+00
7.500000e-01,acoustic_energy,0.000000e+00
7.500000e-01,acoustic_kinetic_energy,0.000000e+00
7.500000e-01,elastic_energy,4.125955e+11
7.500000e-01,elastic_kinetic_energy,7.362972e+10
7.500000e-01,momentumX,-2.978301e+03
7.500000e-01,momentumY,1.861870e+02
7.500000e-01,momentumZ,-7.612778e+03
7.500000e-01,plastic_moment,0.000000e+00
7.500000e-01,total_frictional_work,4.951824e+11
7.500000e-01,static_frictional_work,3.373959e+11
7.500000e-01,seismic_moment,1.550324e+15
7.500000e-01,potency,1.493423e+05
7.500000e-01,plastic_moment,0.000000e+00
7.600000e-01,gravitational_energy,0.000000e+00
7.600000e-01,acoustic_energy,0.000000e+00
7.600000e-01,acoustic_kinetic_energy,0.000000e+00
7.600000e-01,elastic_energy,4.166562e+11
7.600000e-01,elastic_kinetic_energy,7.493468e+10
7.600000e-01,momentumX,-1.011495e+03
7.600000e-01,momentumY,-5.368076e+01
7.600000e-01,momentumZ,-2.711588e+04
7.600000e-01,plastic_moment,0.000000e+00
7.600000e-01,total_frictional_work,5.009053e+11
7.600000e-01,static_frictional_work,3.420050e+11
7.600000e-01,seismic_moment,1.566618e+15
7.600000e-01,potency,1.516281e+05
7.600000e-01,plastic_moment,0.000000e+00
7.700000e-01,gravitational_energy,0.000000e+00
7.700000e-01,acoustic_energy,0.000000e+00
7.700000e-01,acoustic_kinetic_energy,0.000000e+00
7.700000e-01,elastic_energy,4.210220e+11
7.700000e-01,elastic_kinetic_energy,7.639844e+10
7.700000e-01,momentumX,3.252098e+03
7.700000e-01,momentumY,-1.713672e+02
7.700000e-01,momentumZ,-2.669984e+04
7.700000e-01,plastic_moment,0.000000e+00
7.700000e-01,total_frictional_work,5.071146e+11
7.700000e-01,static_frictional_work,3.468726e+11
7.700000e-01,seismic_moment,1.584136e+15
7.700000e-01,potency,1.540859e+05
7.700000e-01,plastic_moment,0.000000e+00
7.800000e-01,gravitational_energy,0.000000e+00
7.800000e-01,acoustic_energy,0.000000e+00
7.800000e-01,acoustic_kinetic_energy,0.000000e+00
7.800000e-01,elastic_energy,4.257051e+11
7.800000e-01,elastic_kinetic_energy,7.806716e+10
7.800000e-01,momentumX,5.378732e+03
7.800000e-01,momentumY,-1.336956e+02
7.800000e-01,momentumZ,1.934856e+03
7.800000e-01,plastic_moment,0.000000e+00
7.800000e-01,total_frictional_work,5.138559e+11
7.800000e-01,static_frictional_work,3.519786e+11
7.800000e-01,seismic_moment,1.602992e+15
7.800000e-01,potency,1.567295e+05
7.800000e-01,plastic_moment,0.000000e+00
7.900000e-01,gravitational_energy,0.000000e+00
7.900000e-01,acoustic_energy,0.000000e+00
7.900000e-01,acoustic_kinetic_energy,0.000000e+00
7.900000e-01,elastic_energy,4.307574e+11
7.900000e-01,elastic_kinetic_energy,7.988644e+10
7.900000e-01,momentumX,2.451375e+03
7.900000e-01,momentumY,-2.729351e+02
7.900000e-01,momentumZ,4.094210e+04
7.900000e-01,plastic_moment,0.000000e+00
7.900000e-01,total_frictional_work,5.211326e+11
7.900000e-01,static_frictional_work,3.574012e+11
7.900000e-01,seismic_moment,1.623445e+15
7.900000e-01,potency,1.595917e+05
7.900000e-01,plastic_moment,0.000000e+00
8.000000e-01,gravitational_energy,0.000000e+00
8.000000e-01,acoustic_energy,0.000000e+00
8.000000e-01,acoustic_kinetic_energy,0.000000e+00
8.000000e-01,elastic_energy,4.361506e+11
8.000000e-01,elastic_kinetic_energy,8.197544e+10
8.000000e-01,momentumX,-3.867396e+03
8.000000e-01,momentumY,-7.680266e+02
8.000000e-01,momentumZ,5.683826e+04
8.000000e-01,plastic_moment,0.000000e+00
8.000000e-01,total_frictional_work,5.290437e+11
8.000000e-01,static_frictional_work,3.630670e+11
8.000000e-01,seismic_moment,1.645356e+15
8.000000e-01,potency,1.626507e+05
8.000000e-01,plastic_moment,0.000000e+00
8.100000e-01,gravitational_energy,0.000000e+00
8.100000e-01,acoustic_energy,0.000000e+00
8.100000e-01,acoustic_kinetic_energy,0.000000e+00
8.100000e-01,elastic_energy,4.419958e+11
8.100000e-01,elastic_kinetic_energy,8.424757e+10
8.100000e-01,momentumX,-9.326670e+03
8.100000e-01,momentumY,-9.781669e+02
8.100000e-01,momentumZ,2.913049e+04
8.100000e-01,plastic_moment,0.000000e+00
8.100000e-01,total_frictional_work,5.376085e+11
8.100000e-01,static_frictional_work,3.690426e+11
8.100000e-01,seismic_moment,1.668851e+15
8.100000e-01,potency,1.659237e+05
8.100000e-01,plastic_moment,0.000000e+00
8.200000e-01,gravitational_energy,0.000000e+00
8.200000e-01,acoustic_energy,0.000000e+00
8.200000e-01,acoustic_kinetic_energy,0.000000e+00
8.200000e-01,elastic_energy,4.483159e+11
8.200000e-01,elastic_kinetic_energy,8.674407e+10
8.200000e-01,momentumX,-9.099993e+03
8.200000e-01,momentumY,1.775830e+02
8.200000e-01,momentumZ,-2.885818e+04
8.200000e-01,plastic_moment,0.000000e+00
8.200000e-01,total_frictional_work,5.468747e+11
8.200000e-01,static_frictional_work,3.754005e+11
8.200000e-01,seismic_moment,1.694118e+15
8.200000e-01,potency,1.694387e+05
8.200000e-01,plastic_moment,0.000000e+00
8.300000e-01,gravitational_energy,0.000000e+00
8.300000e-01,acoustic_energy,0.000000e+00
8.300000e-01,acoustic_kinetic_energy,0.000000e+00
8.300000e-01,elastic_energy,4.553314e+11
8.300000e-01,elastic_kinetic_energy,8.906270e+10
8.300000e-01,momentumX,1.771098e+03
8.300000e-01,momentumY,2.644478e+03
8.300000e-01,momentumZ,-7.839818e+04
8.300000e-01,plastic_moment,0.000000e+00
8.300000e-01,total_frictional_work,5.567094e+11
8.300000e-01,static_frictional_work,3.820132e+11
8.300000e-01,seismic_moment,1.720287e+15
8.300000e-01,potency,1.730751e+05
8.300000e-01,plastic_moment,0.000000e+00
8.400000e-01,gravitational_energy,0.000000e+00
8.400000e-01,acoustic_energy,0.000000e+00
8.400000e-01,acoustic_kinetic_energy,0.000000e+00
8.400000e-01,elastic_energy,4.628205e+11
8.400000e-01,elastic_kinetic_energy,9.096059e+10
8.400000e-01,momentumX,2.193429e+04
8.400000e-01,momentumY,4.274256e+03
8.400000e-01,momentumZ,-8.673659e+04
8.400000e-01,plastic_moment,0.000000e+00
8.400000e-01,total_frictional_work,5.665946e+11
8.400000e-01,static_frictional_work,3.885987e+11
8.400000e-01,seismic_moment,1.746153e+15
8.400000e-01,potency,1.766603e+05
8.400000e-01,plastic_moment,0.000000e+00
8.500000e-01,gravitational_energy,0.000000e+00
8.500000e-01,acoustic_energy,0.000000e+00
8.500000e-01,acoustic_kinetic_energy,0.000000e+00
8.500000e-01,elastic_energy,4.703643e+11
8.500000e-01,elastic_kinetic_energy,9.253471e+10
8.500000e-01,momentumX,3.303051e+04
8.500000e-01,momentumY,2.358050e+03
8.500000e-01,momentumZ,-5.195383e+04
8.500000e-01,plastic_moment,0.000000e+00
8.500000e-01,total_frictional_work,5.762343e+11
8.500000e-01,static_frictional_work,3.950301e+11
8.500000e-01,seismic_moment,1.771245e+15
8.500000e-01,potency,1.801277e+05
8.500000e-01,plastic_moment,0.000000e+00
8.600000e-01,gravitational_energy,0.000000e+00
8.600000e-01,acoustic_energy,0.000000e+00
8.600000e-01,acoustic_kinetic_energy,0.000000e+00
8.600000e-01,elastic_energy,4.778787e+11
8.600000e-01,elastic_kinetic_energy,9.388991e+10
8.600000e-01,momentumX,7.611342e+03
8.600000e-01,momentumY,-3.219880e+03
8.600000e-01,momentumZ,2.029371e+03
8.600000e-01,plastic_moment,0.000000e+00
8.600000e-01,total_frictional_work,5.856018e+11
8.600000e-01,static_frictional_work,4.013279e+11
8.600000e-01,seismic_moment,1.795679e+15
8.600000e-01,potency,1.834957e+05
8.600000e-01,plastic_moment,0.000000e+00
8.700000e-01,gravitational_energy,0.000000e+00
8.700000e-01,acoustic_energy,0.000000e+00
8.700000e-01,acoustic_kinetic_energy,0.000000e+00
8.700000e-01,elastic_energy,4.852853e+11
8.700000e-01,elastic_kinetic_energy,9.507176e+10
8.700000e-01,momentumX,-5.304023e+04
8.700000e-01,momentumY,-8.659832e+03
8.700000e-01,momentumZ,5.315053e+04
8.700000e-01,plastic_moment,0.000000e+00
8.700000e-01,total_frictional_work,5.947047e+11
8.700000e-01,static_frictional_work,4.073199e+11
8.700000e-01,seismic_moment,1.819382e+15
8.700000e-01,potency,1.867662e+05
8.700000e-01,plastic_moment,0.000000e+00
8.800000e-01,gravitational_energy,0.000000e+00
8.800000e-01,acoustic_energy,0.000000e+00
8.800000e-01,acoustic_kinetic_energy,0.000000e+00
8.800000e-01,elastic_energy,4.927846e+11
8.800000e-01,elastic_kinetic_energy,9.592663e+10
8.800000e-01,momentumX,-9.171284e+04
8.800000e-01,momentumY,-9.122616e+03
8.800000e-01,momentumZ,1.008101e+05
8.800000e-01,plastic_moment,0.000000e+00
8.800000e-01,total_frictional_work,6.035761e+11
8.800000e-01,static_frictional_work,4.131122e+11
8.800000e-01,seismic_moment,1.842397e+15
8.800000e-01,potency,1.899326e+05
8.800000e-01,plastic_moment,0.000000e+00
8.900000e-01,gravitational_energy,0.000000e+00
8.900000e-01,acoustic_energy,0.000000e+00
8.900000e-01,acoustic_kinetic_energy,0.000000e+00
8.900000e-01,elastic_energy,5.004647e+11
8.900000e-01,elastic_kinetic_energy,9.632959e+10
8.900000e-01,momentumX,-3.751425e+04
8.900000e-01,momentumY,-3.704578e+03
8.900000e-01,momentumZ,1.546378e+05
8.900000e-01,plastic_moment,0.000000e+00
8.900000e-01,total_frictional_work,6.121838e+11
8.900000e-01,static_frictional_work,4.187662e+11
8.900000e-01,seismic_moment,1.864700e+15
8.900000e-01,potency,1.929886e+05
8.900000e-01,plastic_moment,0.000000e+00
9.000000e-01,gravitational_energy,0.000000e+00
9.000000e-01,acoustic_energy,0.000000e+00
9.000000e-01,acoustic_kinetic_energy,0.000000e+00
9.000000e-01,elastic_energy,5.082138e+11
9.000000e-01,elastic_kinetic_energy,9.629167e+10
9.000000e-01,momentumX,9.951684e+04
9.000000e-01,momentumY,3.019281e+03
9.000000e-01,momentumZ,2.020358e+05
9.000000e-01,plastic_moment,0.000000e+00
9.000000e-01,total_frictional_work,6.204279e+11
9.000000e-01,static_frictional_work,4.244837e+11
9.000000e-01,seismic_moment,1.885925e+15
9.000000e-01,potency,1.958922e+05
9.000000e-01,plastic_moment,0.000000e+00
9.100000e-01,gravitational_energy,0.000000e+00
9.100000e-01,acoustic_energy,0.000000e+00
9.100000e-01,acoustic_kinetic_energy,0.000000e+00
9.100000e-01,elastic_energy,5.161396e+11
9.100000e-01,elastic_kinetic_energy,9.556501e+10
9.100000e-01,momentumX,1.943130e+05
9.100000e-01,momentumY,6.096807e+03
9.100000e-01,momentumZ,1.891292e+05
9.100000e-01,plastic_moment,0.000000e+00
9.100000e-01,total_frictional_work,6.281656e+11
9.100000e-01,static_frictional_work,4.292171e+11
9.100000e-01,seismic_moment,1.905491e+15
9.100000e-01,potency,1.985467e+05
9.100000e-01,plastic_moment,0.000000e+00
9.200000e-01,gravitational_energy,0.000000e+00
9.200000e-01,acoustic_energy,0.000000e+00
9.200000e-01,acoustic_kinetic_energy,0.000000e+00
9.200000e-01,elastic_energy,5.239597e+11
9.200000e-01,elastic_kinetic_energy,9.404641e+10
9.200000e-01,momentumX,1.145664e+05
9.200000e-01,momentumY,7.382510e+03
9.200000e-01,momentumZ,4.381085e+04
9.200000e-01,plastic_moment,0.000000e+00
9.200000e-01,total_frictional_work,6.349874e+11
9.200000e-01,static_frictional_work,4.330004e+11
9.200000e-01,seismic_moment,1.922846e+15
9.200000e-01,potency,2.008657e+05
9.200000e-01,plastic_moment,0.000000e+00
9.300000e-01,gravitational_energy,0.000000e+00
9.300000e-01,acoustic_energy,0.000000e+00
9.300000e-01,acoustic_kinetic_energy,0.000000e+00
9.300000e-01,elastic_energy,5.310933e+11
9.300000e-01,elastic_kinetic_energy,9.242235e+10
9.300000e-01,momentumX,-1.155638e+05
9.300000e-01,momentumY,1.486452e+04
9.300000e-01,momentumZ,-2.622480e+05
9.300000e-01,plastic_moment,0.000000e+00
9.300000e-01,total_frictional_work,6.410301e+11
9.300000e-01,static_frictional_work,4.359756e+11
9.300000e-01,seismic_moment,1.938533e+15
9.300000e-01,potency,2.029228e+05
9.300000e-01,plastic_moment,0.000000e+00
9.400000e-01,gravitational_energy,0.000000e+00
9.400000e-01,acoustic_energy,0.000000e+00
9.400000e-01,acoustic_kinetic_energy,0.000000e+00
9.400000e-01,elastic_energy,5.372509e+11
9.400000e-01,elastic_kinetic_energy,9.113988e+10
9.400000e-01,momentumX,-2.912266e+05
9.400000e-01,momentumY,3.042153e+04
9.400000e-01,momentumZ,-6.485446e+05
9.400000e-01,plastic_moment,0.000000e+00
9.400000e-01,total_frictional_work,6.464266e+11
9.400000e-01,static_frictional_work,4.389432e+11
9.400000e-01,seismic_moment,1.953338e+15
9.400000e-01,potency,2.047649e+05
9.400000e-01,plastic_moment,0.000000e+00
9.500000e-01,gravitational_energy,0.000000e+00
9.500000e-01,acoustic_energy,0.000000e+00
9.500000e-01,acoustic_kinetic_energy,0.000000e+00
9.500000e-01,elastic_energy,5.428015e+11
9.500000e-01,elastic_kinetic_energy,8.995783e+10
9.500000e-01,momentumX,-2.181771e+05
9.500000e-01,momentumY,3.762816e+04
9.500000e-01,momentumZ,-9.045339e+05
9.500000e-01,plastic_moment,0.000000e+00
9.500000e-01,total_frictional_work,6.512936e+11
9.500000e-01,static_frictional_work,4.424247e+11
9.500000e-01,seismic_moment,1.967868e+15
9.500000e-01,potency,2.064325e+05
9.500000e-01,plastic_moment,0.000000e+00
9.600000e-01,gravitational_energy,0.000000e+00
9.600000e-01,acoustic_energy,0.000000e+00
9.600000e-01,acoustic_kinetic_energy,0.000000e+00
9.600000e-01,elastic_energy,5.477053e+11
9.600000e-01,elastic_kinetic_energy,8.907006e+10
9.600000e-01,momentumX,5.512367e+04
9.600000e-01,momentumY,8.410279e+03
9.600000e-01,momentumZ,-7.403884e+05
9.600000e-01,plastic_moment,0.000000e+00
9.600000e-01,total_frictional_work,6.557929e+11
9.600000e-01,static_frictional_work,4.464107e+11
9.600000e-01,seismic_moment,1.982600e+15
9.600000e-01,potency,2.079754e+05
9.600000e-01,plastic_moment,0.000000e+00
9.700000e-01,gravitational_energy,0.000000e+00
9.700000e-01,acoustic_energy,0.000000e+00
9.700000e-01,acoustic_kinetic_energy,0.000000e+00
9.700000e-01,elastic_energy,5.525349e+11
9.700000e-01,elastic_kinetic_energy,8.859366e+10
9.700000e-01,momentumX,2.331648e+05
9.700000e-01,momentumY,-6.752321e+04
9.700000e-01,momentumZ,1.020331e+05
9.700000e-01,plastic_moment,0.000000e+00
9.700000e-01,total_frictional_work,6.606659e+11
9.700000e-01,static_frictional_work,4.509030e+11
9.700000e-01,seismic_moment,2.000637e+15
9.700000e-01,potency,2.096271e+05
9.700000e-01,plastic_moment,0.000000e+00
9.800000e-01,gravitational_energy,0.000000e+00
9.800000e-01,acoustic_energy,0.000000e+00
9.800000e-01,acoustic_kinetic_energy,0.000000e+00
9.800000e-01,elastic_energy,5.578123e+11
9.800000e-01,elastic_kinetic_energy,8.880000e+10
9.800000e-01,momentumX,6.028165e+04
9.800000e-01,momentumY,-1.535737e+05
9.800000e-01,momentumZ,1.729043e+06
9.800000e-01,plastic_moment,0.000000e+00
9.800000e-01,total_frictional_work,6.666473e+11
9.800000e-01,static_frictional_work,4.560296e+11
9.800000e-01,seismic_moment,2.024321e+15
9.800000e-01,potency,2.115285e+05
9.800000e-01,plastic_moment,0.000000e+00
9.900000e-01,gravitational_energy,0.000000e+00
9.900000e-01,acoustic_energy,0.000000e+00
9.900000e-01,acoustic_kinetic_energy,0.000000e+00
9.900000e-01,elastic_energy,5.639046e+11
9.900000e-01,elastic_kinetic_energy,8.983296e+10
9.900000e-01,momentumX,-3.511816e+05
9.900000e-01,momentumY,-1.720468e+05
9.900000e-01,momentumZ,4.030349e+06
9.900000e-01,plastic_moment,0.000000e+00
9.900000e-01,total_frictional_work,6.742731e+11
9.900000e-01,static_frictional_work,4.622828e+11
9.900000e-01,seismic_moment,2.054942e+15
9.900000e-01,potency,2.137718e+05
9.900000e-01,plastic_moment,0.000000e+00
1.000000e+00,gravitational_energy,0.000000e+00
1.000000e+00,acoustic_energy,0.000000e+00
1.000000e+00,acoustic_kinetic_energy,0.000000e+00
1.000000e+00,elastic_energy,5.710771e+11
1.000000e+00,elastic_kinetic_energy,9.183850e+10
1.000000e+00,momentumX,-4.974349e+05
1.000000e+00,momentumY,-5.796752e+04
1.000000e+00,momentumZ,6.710357e+06
1.000000e+00,plastic_moment,0.000000e+00
1.000000e+00,total_frictional_work,6.839712e+11
1.000000e+00,static_frictional_work,4.698422e+11
1.000000e+00,seismic_moment,2.094276e+15
1.000000e+00,potency,2.164672e+05
1.000000e+00,plastic_moment,0.000000e+00
1.010000e+00,gravitational_energy,0.000000e+00
1.010000e+00,acoustic_energy,0.000000e+00
1.010000e+00,acoustic_kinetic_energy,0.000000e+00
1.010000e+00,elastic_energy,5.797978e+11
1.010000e+00,elastic_kinetic_energy,9.493872e+10
1.010000e+00,momentumX,1.253727e+05
1.010000e+00,momentumY,1.694756e+05
1.010000e+00,momentumZ,9.408863e+06
1.010000e+00,plastic_moment,0.000000e+00
1.010000e+00,total_frictional_work,6.963268e+11
1.010000e+00,static_frictional_work,4.794390e+11
1.010000e+00,seismic_moment,2.144167e+15
1.010000e+00,potency,2.197610e+05
1.010000e+00,plastic_moment,0.000000e+00
1.020000e+00,gravitational_energy,0.000000e+00
1.020000e+00,acoustic_energy,0.000000e+00
1.020000e+00,acoustic_kinetic_energy,0.000000e+00
1.020000e+00,elastic_energy,5.905600e+11
1.020000e+00,elastic_kinetic_energy,9.920759e+10
1.020000e+00,momentumX,1.469832e+06
1.020000e+00,momentumY,3.802554e+05
1.020000e+00,momentumZ,1.186353e+07
1.020000e+00,plastic_moment,0.000000e+00
1.020000e+00,total_frictional_work,7.118926e+11
1.020000e+00,static_frictional_work,4.911371e+11
1.020000e+00,seismic_moment,2.206601e+15
1.020000e+00,potency,2.237648e+05
1.020000e+00,plastic_moment,0.000000e+00
1.030000e+00,gravitational_energy,0.000000e+00
1.030000e+00,acoustic_energy,0.000000e+00
1.030000e+00,acoustic_kinetic_energy,0.000000e+00
1.030000e+00,elastic_energy,6.033916e+11
1.030000e+00,elastic_kinetic_energy,1.050028e+11
1.030000e+00,momentumX,2.669425e+06
1.030000e+00,momentumY,3.980597e+05
1.030000e+00,momentumZ,1.405363e+07
1.030000e+00,plastic_moment,0.000000e+00
1.030000e+00,total_frictional_work,7.310819e+11
1.030000e+00,static_frictional_work,5.049389e+11
1.030000e+00,seismic_moment,2.283394e+15
1.030000e+00,potency,2.285630e+05
1.030000e+00,plastic_moment,0.000000e+00
1.040000e+00,gravitational_energy,0.000000e+00
1.040000e+00,acoustic_energy,0.000000e+00
1.040000e+00,acoustic_kinetic_energy,0.000000e+00
1.040000e+00,elastic_energy,6.187857e+11
1.040000e+00,elastic_kinetic_energy,1.121831e+11
1.040000e+00,momentumX,2.368473e+06
1.040000e+00,momentumY,1.321363e+05
1.040000e+00,momentumZ,1.627709e+07
1.040000e+00,plastic_moment,0.000000e+00
1.040000e+00,total_frictional_work,7.542258e+11
1.040000e+00,static_frictional_work,5.208091e+11
1.040000e+00,seismic_moment,2.374836e+15
1.040000e+00,potency,2.342466e+05
1.040000e+00,plastic_moment,0.000000e+00
1.050000e+00,gravitational_energy,0.000000e+00
1.050000e+00,acoustic_energy,0.000000e+00
1.050000e+00,acoustic_kinetic_energy,0.000000e+00
1.050000e+00,elastic_energy,6.373376e+11
1.050000e+00,elastic_kinetic_energy,1.197159e+11
1.050000e+00,momentumX,-3.933808e+05
1.050000e+00,momentumY,-3.207082e+05
1.050000e+00,momentumZ,1.913917e+07
1.050000e+00,plastic_moment,0.000000e+00
1.050000e+00,total_frictional_work,7.809051e+11
1.050000e+00,static_frictional_work,5.383514e+11
1.050000e+00,seismic_moment,2.476587e+15
1.050000e+00,potency,2.406640e+05
1.050000e+00,plastic_moment,0.000000e+00
1.060000e+00,gravitational_energy,0.000000e+00
1.060000e+00,acoustic_energy,0.000000e+00
1.060000e+00,acoustic_kinetic_energy,0.000000e+00
1.060000e+00,elastic_energy,6.586109e+11
1.060000e+00,elastic_kinetic_energy,1.269262e+11
1.060000e+00,momentumX,-5.168645e+06
1.060000e+00,momentumY,-6.973552e+05
1.060000e+00,momentumZ,2.346802e+07
1.060000e+00,plastic_moment,0.000000e+00
1.060000e+00,total_frictional_work,8.100064e+11
1.060000e+00,static_frictional_work,5.568201e+11
1.060000e+00,seismic_moment,2.583790e+15
1.060000e+00,potency,2.476206e+05
1.060000e+00,plastic_moment,0.000000e+00
1.070000e+00,gravitational_energy,0.000000e+00
1.070000e+00,acoustic_energy,0.000000e+00
1.070000e+00,acoustic_kinetic_energy,0.000000e+00
1.070000e+00,elastic_energy,6.818894e+11
1.070000e+00,elastic_kinetic_energy,1.334143e+11
1.070000e+00,momentumX,-9.600133e+06
1.070000e+00,momentumY,-7.090355e+05
1.070000e+00,momentumZ,3.022407e+07
1.070000e+00,plastic_moment,0.000000e+00
1.070000e+00,total_frictional_work,8.404180e+11
1.070000e+00,static_frictional_work,5.760877e+11
1.070000e+00,seismic_moment,2.689982e+15
1.070000e+00,potency,2.548246e+05
1.070000e+00,plastic_moment,0.000000e+00
1.080000e+00,gravitational_energy,0.000000e+00
1.080000e+00,acoustic_energy,0.000000e+00
1.080000e+00,acoustic_kinetic_energy,0.000000e+00
1.080000e+00,elastic_energy,7.062704e+11
1.080000e+00,elastic_kinetic_energy,1.387966e+11
1.080000e+00,momentumX,-9.962341e+06
1.080000e+00,momentumY,-1.957470e+05
1.080000e+00,momentumZ,4.050816e+07
1.080000e+00,plastic_moment,0.000000e+00
1.080000e+00,total_frictional_work,8.708509e+11
1.080000e+00,static_frictional_work,5.955309e+11
1.080000e+00,seismic_moment,2.789571e+15
1.080000e+00,potency,2.620142e+05
1.080000e+00,plastic_moment,0.000000e+00
1.090000e+00,gravitational_energy,0.000000e+00
1.090000e+00,acoustic_energy,0.000000e+00
1.090000e+00,acoustic_kinetic_energy,0.000000e+00
1.090000e+00,elastic_energy,7.303524e+11
1.090000e+00,elastic_kinetic_energy,1.431374e+11
1.090000e+00,momentumX,-2.803488e+06
1.090000e+00,momentumY,8.150757e+05
1.090000e+00,momentumZ,5.574436e+07
1.090000e+00,plastic_moment,0.000000e+00
1.090000e+00,total_frictional_work,8.999163e+11
1.090000e+00,static_frictional_work,6.147536e+11
1.090000e+00,seismic_moment,2.881597e+15
1.090000e+00,potency,2.690074e+05
1.090000e+00,plastic_moment,0.000000e+00
1.100000e+00,gravitational_energy,0.000000e+00
1.100000e+00,acoustic_energy,0.000000e+00
1.100000e+00,acoustic_kinetic_energy,0.000000e+00
1.100000e+00,elastic_energy,7.533663e+11
1.100000e+00,elastic_kinetic_energy,1.468882e+11
1.100000e+00,momentumX,1.294710e+07
1.100000e+00,momentumY,2.169740e+06
1.100000e+00,momentumZ,7.799077e+07
1.100000e+00,plastic_moment,0.000000e+00
1.100000e+00,total_frictional_work,9.273552e+11
1.100000e+00,static_frictional_work,6.341086e+11
1.100000e+00,seismic_moment,2.966826e+15
1.100000e+00,potency,2.757902e+05
1.100000e+00,plastic_moment,0.000000e+00
1.110000e+00,gravitational_energy,0.000000e+00
1.110000e+00,acoustic_energy,0.000000e+00
1.110000e+00,acoustic_kinetic_energy,0.000000e+00
1.110000e+00,elastic_energy,7.750558e+11
1.110000e+00,elastic_kinetic_energy,1.503400e+11
1.110000e+00,momentumX,3.456044e+07
1.110000e+00,momentumY,3.720246e+06
1.110000e+00,momentumZ,1.101775e+08
1.110000e+00,plastic_moment,0.000000e+00
1.110000e+00,total_frictional_work,9.531617e+11
1.110000e+00,static_frictional_work,6.527659e+11
1.110000e+00,seismic_moment,3.047032e+15
1.110000e+00,potency,2.824057e+05
1.110000e+00,plastic_moment,0.000000e+00
1.120000e+00,gravitational_energy,0.000000e+00
1.120000e+00,acoustic_energy,0.000000e+00
1.120000e+00,acoustic_kinetic_energy,0.000000e+00
1.120000e+00,elastic_energy,7.953776e+11
1.120000e+00,elastic_kinetic_energy,1.536789e+11
1.120000e+00,momentumX,5.584389e+07
1.120000e+00,momentumY,5.467977e+06
1.120000e+00,momentumZ,1.560095e+08
1.120000e+00,plastic_moment,0.000000e+00
1.120000e+00,total_frictional_work,9.774798e+11
1.120000e+00,static_frictional_work,6.689440e+11
1.120000e+00,seismic_moment,3.122953e+15
1.120000e+00,potency,2.888324e+05
1.120000e+00,plastic_moment,0.000000e+00
1.130000e+00,gravitational_energy,0.000000e+00
1.130000e+00,acoustic_energy,0.000000e+00
1.130000e+00,acoustic_kinetic_energy,0.000000e+00
1.130000e+00,elastic_energy,8.143392e+11
1.130000e+00,elastic_kinetic_energy,1.570980e+11
1.130000e+00,momentumX,6.949566e+07
1.130000e+00,momentumY,7.661189e+06
1.130000e+00,momentumZ,2.193892e+08
1.130000e+00,plastic_moment,0.000000e+00
1.130000e+00,total_frictional_work,1.000515e+12
1.130000e+00,static_frictional_work,6.845408e+11
1.130000e+00,seismic_moment,3.195513e+15
1.130000e+00,potency,2.951158e+05
1.130000e+00,plastic_moment,0.000000e+00
1.140000e+00,gravitational_energy,0.000000e+00
1.140000e+00,acoustic_energy,0.000000e+00
1.140000e+00,acoustic_kinetic_energy,0.000000e+00
1.140000e+00,elastic_energy,8.319983e+11
1.140000e+00,elastic_kinetic_energy,1.606810e+11
1.140000e+00,momentumX,7.064340e+07
1.140000e+00,momentumY,1.076577e+07
1.140000e+00,momentumZ,3.034610e+08
1.140000e+00,plastic_moment,0.000000e+00
1.140000e+00,total_frictional_work,1.022396e+12
1.140000e+00,static_frictional_work,7.022687e+11
1.140000e+00,seismic_moment,3.264473e+15
1.140000e+00,potency,3.012284e+05
1.140000e+00,plastic_moment,0.000000e+00
1.150000e+00,gravitational_energy,0.000000e+00
1.150000e+00,acoustic_energy,0.000000e+00
1.150000e+00,acoustic_kinetic_energy,0.000000e+00
1.150000e+00,elastic_energy,8.488521e+11
1.150000e+00,elastic_kinetic_energy,1.643232e+11
1.150000e+00,momentumX,6.003887e+07
1.150000e+00,momentumY,1.525693e+07
1.150000e+00,momentumZ,4.096133e+08
1.150000e+00,plastic_moment,0.000000e+00
1.150000e+00,total_frictional_work,1.043546e+12
1.150000e+00,static_frictional_work,7.211765e+11
1.150000e+00,seismic_moment,3.332079e+15
1.150000e+00,potency,3.072667e+05
1.150000e+00,plastic_moment,0.000000e+00
1.160000e+00,gravitational_energy,0.000000e+00
1.160000e+00,acoustic_energy,0.000000e+00
1.160000e+00,acoustic_kinetic_energy,0.000000e+00
1.160000e+00,elastic_energy,8.657530e+11
1.160000e+00,elastic_kinetic_energy,1.677224e+11
1.160000e+00,momentumX,4.554348e+07
1.160000e+00,momentumY,2.132690e+07
1.160000e+00,momentumZ,5.368388e+08
1.160000e+00,plastic_moment,0.000000e+00
1.160000e+00,total_frictional_work,1.064476e+12
1.160000e+00,static_frictional_work,7.387206e+11
1.160000e+00,seismic_moment,3.400890e+15
1.160000e+00,potency,3.133270e+05
1.160000e+00,plastic_moment,0.000000e+00
1.170000e+00,gravitational_energy,0.000000e+00
1.170000e+00,acoustic_energy,0.000000e+00
1.170000e+00,acoustic_kinetic_energy,0.000000e+00
1.170000e+00,elastic_energy,8.834319e+11
1.170000e+00,elastic_kinetic_energy,1.706838e+11
1.170000e+00,momentumX,4.141873e+07
1.170000e+00,momentumY,2.876649e+07
1.170000e+00,momentumZ,6.817134e+08
1.170000e+00,plastic_moment,0.000000e+00
1.170000e+00,total_frictional_work,1.085755e+12
1.170000e+00,static_frictional_work,7.559434e+11
1.170000e+00,seismic_moment,3.472802e+15
1.170000e+00,potency,3.194816e+05
1.170000e+00,plastic_moment,0.000000e+00
1.180000e+00,gravitational_energy,0.000000e+00
1.180000e+00,acoustic_energy,0.000000e+00
1.180000e+00,acoustic_kinetic_energy,0.000000e+00
1.180000e+00,elastic_energy,9.024148e+11
1.180000e+00,elastic_kinetic_energy,1.727483e+11
1.180000e+00,momentumX,6.593271e+07
1.180000e+00,momentumY,3.724392e+07
1.180000e+00,momentumZ,8.389942e+08
1.180000e+00,plastic_moment,0.000000e+00
1.180000e+00,total_frictional_work,1.107447e+12
1.180000e+00,static_frictional_work,7.721793e+11
1.180000e+00,seismic_moment,3.546046e+15
1.180000e+00,potency,3.256341e+05
1.180000e+00,plastic_moment,0.000000e+00
1.190000e+00,gravitational_energy,0.000000e+00
1.190000e+00,acoustic_energy,0.000000e+00
1.190000e+00,acoustic_kinetic_energy,0.000000e+00
1.190000e+00,elastic_energy,9.223003e+11
1.190000e+00,elastic_kinetic_energy,1.736052e+11
1.190000e+00,momentumX,1.383209e+08
1.190000e+00,momentumY,4.692629e+07
1.190000e+00,momentumZ,1.002603e+09
1.190000e+00,plastic_moment,0.000000e+00
1.190000e+00,total_frictional_work,1.128839e+12
1.190000e+00,static_frictional_work,7.864689e+11
1.190000e+00,seismic_moment,3.616697e+15
1.190000e+00,potency,3.316055e+05
1.190000e+00,plastic_moment,0.000000e+00
1.200000e+00,gravitational_energy,0.000000e+00
1.200000e+00,acoustic_energy,0.000000e+00
1.200000e+00,acoustic_kinetic_energy,0.000000e+00
1.200000e+00,elastic_energy,9.417843e+11
1.200000e+00,elastic_kinetic_energy,1.736860e+11
1.200000e+00,momentumX,2.760085e+08
1.200000e+00,momentumY,5.910661e+07
1.200000e+00,momentumZ,1.166662e+09
1.200000e+00,plastic_moment,0.000000e+00
1.200000e+00,total_frictional_work,1.149079e+12
1.200000e+00,static_frictional_work,7.985206e+11
1.200000e+00,seismic_moment,3.682377e+15
1.200000e+00,potency,3.372237e+05
1.200000e+00,plastic_moment,0.000000e+00
1.210000e+00,gravitational_energy,0.000000e+00
1.210000e+00,acoustic_energy,0.000000e+00
1.210000e+00,acoustic_kinetic_energy,0.000000e+00
1.210000e+00,elastic_energy,9.601940e+11
1.210000e+00,elastic_kinetic_energy,1.735973e+11
1.210000e+00,momentumX,4.924913e+08
1.210000e+00,momentumY,7.649729e+07
1.210000e+00,momentumZ,1.326299e+09
1.210000e+00,plastic_moment,0.000000e+00
1.210000e+00,total_frictional_work,1.168049e+12
1.210000e+00,static_frictional_work,8.091779e+11
1.210000e+00,seismic_moment,3.743892e+15
1.210000e+00,potency,3.424962e+05
1.210000e+00,plastic_moment,0.000000e+00
1.220000e+00,gravitational_energy,0.000000e+00
1.220000e+00,acoustic_energy,0.000000e+00
1.220000e+00,acoustic_kinetic_energy,0.000000e+00
1.220000e+00,elastic_energy,9.778142e+11
1.220000e+00,elastic_kinetic_energy,1.732606e+11
1.220000e+00,momentumX,7.958542e+08
1.220000e+00,momentumY,1.031225e+08
1.220000e+00,momentumZ,1.478064e+09
1.220000e+00,plastic_moment,0.000000e+00
1.220000e+00,total_frictional_work,1.185975e+12
1.220000e+00,static_frictional_work,8.197592e+11
1.220000e+00,seismic_moment,3.803078e+15
1.220000e+00,potency,3.475228e+05
1.220000e+00,plastic_moment,0.000000e+00
1.230000e+00,gravitational_energy,0.000000e+00
1.230000e+00,acoustic_energy,0.000000e+00
1.230000e+00,acoustic_kinetic_energy,0.000000e+00
1.230000e+00,elastic_energy,9.949540e+11
1.230000e+00,elastic_kinetic_energy,1.726940e+11
1.230000e+00,momentumX,1.187881e+09
1.230000e+00,momentumY,1.439896e+08
1.230000e+00,momentumZ,1.619967e+09
1.230000e+00,plastic_moment,0.000000e+00
1.230000e+00,total_frictional_work,1.203212e+12
1.230000e+00,static_frictional_work,8.304265e+11
1.230000e+00,seismic_moment,3.860514e+15
1.230000e+00,potency,3.523307e+05
1.230000e+00,plastic_moment,0.000000e+00
1.240000e+00,gravitational_energy,0.000000e+00
1.240000e+00,acoustic_energy,0.000000e+00
1.240000e+00,acoustic_kinetic_energy,0.000000e+00
1.240000e+00,elastic_energy,1.011762e+12
1.240000e+00,elastic_kinetic_energy,1.718997e+11
1.240000e+00,momentumX,1.663961e+09
1.240000e+00,momentumY,2.047097e+08
1.240000e+00,momentumZ,1.751292e+09
1.240000e+00,plastic_moment,0.000000e+00
1.240000e+00,total_frictional_work,1.219894e+12
1.240000e+00,static_frictional_work,8.412262e+11
1.240000e+00,seismic_moment,3.916196e+15
1.240000e+00,potency,3.569598e+05
1.240000e+00,plastic_moment,0.000000e+00
1.250000e+00,gravitational_energy,0.000000e+00
1.250000e+00,acoustic_energy,0.000000e+00
1.250000e+00,acoustic_kinetic_energy,0.000000e+00
1.250000e+00,elastic_energy,1.028190e+12
1.250000e+00,elastic_kinetic_energy,1.708400e+11
1.250000e+00,momentumX,2.214171e+09
1.250000e+00,momentumY,2.910435e+08
1.250000e+00,momentumZ,1.872348e+09
1.250000e+00,plastic_moment,0.000000e+00
1.250000e+00,total_frictional_work,1.235930e+12
1.250000e+00,static_frictional_work,8.512813e+11
1.250000e+00,seismic_moment,3.970018e+15
1.250000e+00,potency,3.613842e+05
1.250000e+00,plastic_moment,0.000000e+00
1.260000e+00,gravitational_energy,0.000000e+00
1.260000e+00,acoustic_energy,0.000000e+00
1.260000e+00,acoustic_kinetic_energy,0.000000e+00
1.260000e+00,elastic_energy,1.044080e+12
1.260000e+00,elastic_kinetic_energy,1.696609e+11
1.260000e+00,momentumX,2.825625e+09
1.260000e+00,momentumY,4.082302e+08
1.260000e+00,momentumZ,1.984311e+09
1.260000e+00,plastic_moment,0.000000e+00
1.260000e+00,total_frictional_work,1.251320e+12
1.260000e+00,static_frictional_work,8.612680e+11
1.260000e+00,seismic_moment,4.022612e+15
1.260000e+00,potency,3.656175e+05
1.260000e+00,plastic_moment,0.000000e+00
1.270000e+00,gravitational_energy,0.000000e+00
1.270000e+00,acoustic_energy,0.000000e+00
1.270000e+00,acoustic_kinetic_energy,0.000000e+00
1.270000e+00,elastic_energy,1.059158e+12
1.270000e+00,elastic_kinetic_energy,1.688556e+11
1.270000e+00,momentumX,3.485625e+09
1.270000e+00,momentumY,5.600543e+08
1.270000e+00,momentumZ,2.089121e+09
1.270000e+00,plastic_moment,0.000000e+00
1.270000e+00,total_frictional_work,1.266282e+12
1.270000e+00,static_frictional_work,8.721082e+11
1.270000e+00,seismic_moment,4.075128e+15
1.270000e+00,potency,3.697409e+05
1.270000e+00,plastic_moment,0.000000e+00
1.280000e+00,gravitational_energy,0.000000e+00
1.280000e+00,acoustic_energy,0.000000e+00
1.280000e+00,acoustic_kinetic_energy,0.000000e+00
1.280000e+00,elastic_energy,1.073547e+12
1.280000e+00,elastic_kinetic_energy,1.686687e+11
1.280000e+00,momentumX,4.184576e+09
1.280000e+00,momentumY,7.478379e+08
1.280000e+00,momentumZ,2.189306e+09
1.280000e+00,plastic_moment,0.000000e+00
1.280000e+00,total_frictional_work,1.281152e+12
1.280000e+00,static_frictional_work,8.843715e+11
1.280000e+00,seismic_moment,4.128214e+15
1.280000e+00,potency,3.738229e+05
1.280000e+00,plastic_moment,0.000000e+00
1.290000e+00,gravitational_energy,0.000000e+00
1.290000e+00,acoustic_energy,0.000000e+00
1.290000e+00,acoustic_kinetic_energy,0.000000e+00
1.290000e+00,elastic_energy,1.087316e+12
1.290000e+00,elastic_kinetic_energy,1.691130e+11
1.290000e+00,momentumX,4.917542e+09
1.290000e+00,momentumY,9.697508e+08
1.290000e+00,momentumZ,2.287581e+09
1.290000e+00,plastic_moment,0.000000e+00
1.290000e+00,total_frictional_work,1.296049e+12
1.290000e+00,static_frictional_work,8.975331e+11
1.290000e+00,seismic_moment,4.182365e+15
1.290000e+00,potency,3.779153e+05
1.290000e+00,plastic_moment,0.000000e+00
1.300000e+00,gravitational_energy,0.000000e+00
1.300000e+00,acoustic_energy,0.000000e+00
1.300000e+00,acoustic_kinetic_energy,0.000000e+00
1.300000e+00,elastic_energy,1.100771e+12
1.300000e+00,elastic_kinetic_energy,1.696915e+11
1.300000e+00,momentumX,5.683875e+09
1.300000e+00,momentumY,1.220853e+09
1.300000e+00,momentumZ,2.386247e+09
1.300000e+00,plastic_moment,0.000000e+00
1.300000e+00,total_frictional_work,1.310820e+12
1.300000e+00,static_frictional_work,9.110213e+11
1.300000e+00,seismic_moment,4.234912e+15
1.300000e+00,potency,3.819460e+05
1.300000e+00,plastic_moment,0.000000e+00
1.310000e+00,gravitational_energy,0.000000e+00
1.310000e+00,acoustic_energy,0.000000e+00
1.310000e+00,acoustic_kinetic_energy,0.000000e+00
1.310000e+00,elastic_energy,1.113490e+12
1.310000e+00,elastic_kinetic_energy,1.703129e+11
1.310000e+00,momentumX,6.485096e+09
1.310000e+00,momentumY,1.494050e+09
1.310000e+00,momentumZ,2.486605e+09
1.310000e+00,plastic_moment,0.000000e+00
1.310000e+00,total_frictional_work,1.324894e+12
1.310000e+00,static_frictional_work,9.241559e+11
1.310000e+00,seismic_moment,4.283252e+15
1.310000e+00,potency,3.858238e+05
1.310000e+00,plastic_moment,0.000000e+00
1.320000e+00,gravitational_energy,0.000000e+00
1.320000e+00,acoustic_energy,0.000000e+00
1.320000e+00,acoustic_kinetic_energy,0.000000e+00
1.320000e+00,elastic_energy,1.125271e+12
1.320000e+00,elastic_kinetic_energy,1.711133e+11
1.320000e+00,momentumX,7.321937e+09
1.320000e+00,momentumY,1.781705e+09
1.320000e+00,momentumZ,2.588670e+09
1.320000e+00,plastic_moment,0.000000e+00
1.320000e+00,total_frictional_work,1.338231e+12
1.320000e+00,static_frictional_work,9.372026e+11
1.320000e+00,seismic_moment,4.328141e+15
1.320000e+00,potency,3.895362e+05
1.320000e+00,plastic_moment,0.000000e+00
1.330000e+00,gravitational_energy,0.000000e+00
1.330000e+00,acoustic_energy,0.000000e+00
1.330000e+00,acoustic_kinetic_energy,0.000000e+00
1.330000e+00,elastic_energy,1.136479e+12
1.330000e+00,elastic_kinetic_energy,1.719980e+11
1.330000e+00,momentumX,8.191709e+09
1.330000e+00,momentumY,2.077265e+09
1.330000e+00,momentumZ,2.691331e+09
1.330000e+00,plastic_moment,0.000000e+00
1.330000e+00,total_frictional_work,1.351049e+12
1.330000e+00,static_frictional_work,9.500747e+11
1.330000e+00,seismic_moment,4.370606e+15
1.330000e+00,potency,3.931504e+05
1.330000e+00,plastic_moment,0.000000e+00
1.340000e+00,gravitational_energy,0.000000e+00
1.340000e+00,acoustic_energy,0.000000e+00
1.340000e+00,acoustic_kinetic_energy,0.000000e+00
1.340000e+00,elastic_energy,1.147507e+12
1.340000e+00,elastic_kinetic_energy,1.727518e+11
1.340000e+00,momentumX,9.086954e+09
1.340000e+00,momentumY,2.376182e+09
1.340000e+00,momentumZ,2.792865e+09
1.340000e+00,plastic_moment,0.000000e+00
1.340000e+00,total_frictional_work,1.363551e+12
1.340000e+00,static_frictional_work,9.638252e+11
1.340000e+00,seismic_moment,4.410678e+15
1.340000e+00,potency,3.966725e+05
1.340000e+00,plastic_moment,0.000000e+00
1.350000e+00,gravitational_energy,0.000000e+00
1.350000e+00,acoustic_energy,0.000000e+00
1.350000e+00,acoustic_kinetic_energy,0.000000e+00
1.350000e+00,elastic_energy,1.158421e+12
1.350000e+00,elastic_kinetic_energy,1.732678e+11
1.350000e+00,momentumX,9.995745e+09
1.350000e+00,momentumY,2.675798e+09
1.350000e+00,momentumZ,2.891524e+09
1.350000e+00,plastic_moment,0.000000e+00
1.350000e+00,total_frictional_work,1.375720e+12
1.350000e+00,static_frictional_work,9.784790e+11
1.350000e+00,seismic_moment,4.447940e+15
1.350000e+00,potency,4.001323e+05
1.350000e+00,plastic_moment,0.000000e+00
1.360000e+00,gravitational_energy,0.000000e+00
1.360000e+00,acoustic_energy,0.000000e+00
1.360000e+00,acoustic_kinetic_energy,0.000000e+00
1.360000e+00,elastic_energy,1.169034e+12
1.360000e+00,elastic_kinetic_energy,1.735883e+11
1.360000e+00,momentumX,1.090336e+10
1.360000e+00,momentumY,2.974429e+09
1.360000e+00,momentumZ,2.985921e+09
1.360000e+00,plastic_moment,0.000000e+00
1.360000e+00,total_frictional_work,1.387389e+12
1.360000e+00,static_frictional_work,9.924294e+11
1.360000e+00,seismic_moment,4.481784e+15
1.360000e+00,potency,4.035215e+05
1.360000e+00,plastic_moment,0.000000e+00
1.370000e+00,gravitational_energy,0.000000e+00
1.370000e+00,acoustic_energy,0.000000e+00
1.370000e+00,acoustic_kinetic_energy,0.000000e+00
1.370000e+00,elastic_energy,1.179038e+12
1.370000e+00,elastic_kinetic_energy,1.739571e+11
1.370000e+00,momentumX,1.179456e+10
1.370000e+00,momentumY,3.270229e+09
1.370000e+00,momentumZ,3.075105e+09
1.370000e+00,plastic_moment,0.000000e+00
1.370000e+00,total_frictional_work,1.398506e+12
1.370000e+00,static_frictional_work,1.004645e+12
1.370000e+00,seismic_moment,4.511904e+15
1.370000e+00,potency,4.067771e+05
1.370000e+00,plastic_moment,0.000000e+00
1.380000e+00,gravitational_energy,0.000000e+00
1.380000e+00,acoustic_energy,0.000000e+00
1.380000e+00,acoustic_kinetic_energy,0.000000e+00
1.380000e+00,elastic_energy,1.188508e+12
1.380000e+00,elastic_kinetic_energy,1.744197e+11
1.380000e+00,momentumX,1.265562e+10
1.380000e+00,momentumY,3.560253e+09
1.380000e+00,momentumZ,3.158399e+09
1.380000e+00,plastic_moment,0.000000e+00
1.380000e+00,total_frictional_work,1.409213e+12
1.380000e+00,static_frictional_work,1.016313e+12
1.380000e+00,seismic_moment,4.539859e+15
1.380000e+00,potency,4.100071e+05
1.380000e+00,plastic_moment,0.000000e+00
1.390000e+00,gravitational_energy,0.000000e+00
1.390000e+00,acoustic_energy,0.000000e+00
1.390000e+00,acoustic_kinetic_energy,0.000000e+00
1.390000e+00,elastic_energy,1.197593e+12
1.390000e+00,elastic_kinetic_energy,1.749864e+11
1.390000e+00,momentumX,1.347570e+10
1.390000e+00,momentumY,3.839796e+09
1.390000e+00,momentumZ,3.235215e+09
1.390000e+00,plastic_moment,0.000000e+00
1.390000e+00,total_frictional_work,1.419642e+12
1.390000e+00,static_frictional_work,1.027857e+12
1.390000e+00,seismic_moment,4.566450e+15
1.390000e+00,potency,4.132311e+05
1.390000e+00,plastic_moment,0.000000e+00
1.400000e+00,gravitational_energy,0.000000e+00
1.400000e+00,acoustic_energy,0.000000e+00
1.400000e+00,acoustic_kinetic_energy,0.000000e+00
1.400000e+00,elastic_energy,1.206387e+12
1.400000e+00,elastic_kinetic_energy,1.756688e+11
1.400000e+00,momentumX,1.424758e+10
1.400000e+00,momentumY,4.101829e+09
1.400000e+00,momentumZ,3.304991e+09
1.400000e+00,plastic_moment,0.000000e+00
1.400000e+00,total_frictional_work,1.429909e+12
1.400000e+00,static_frictional_work,1.039319e+12
1.400000e+00,seismic_moment,4.591827e+15
1.400000e+00,potency,4.163983e+05
1.400000e+00,plastic_moment,0.000000e+00
1.410000e+00,gravitational_energy,0.000000e+00
1.410000e+00,acoustic_energy,0.000000e+00
1.410000e+00,acoustic_kinetic_energy,0.000000e+00
1.410000e+00,elastic_energy,1.214932e+12
1.410000e+00,elastic_kinetic_energy,1.763970e+11
1.410000e+00,momentumX,1.496845e+10
1.410000e+00,momentumY,4.336640e+09
1.410000e+00,momentumZ,3.367310e+09
1.410000e+00,plastic_moment,0.000000e+00
1.410000e+00,total_frictional_work,1.440000e+12
1.410000e+00,static_frictional_work,1.050193e+12
1.410000e+00,seismic_moment,4.616820e+15
1.410000e+00,potency,4.195787e+05
1.410000e+00,plastic_moment,0.000000e+00
1.420000e+00,gravitational_energy,0.000000e+00
1.420000e+00,acoustic_energy,0.000000e+00
1.420000e+00,acoustic_kinetic_energy,0.000000e+00
1.420000e+00,elastic_energy,1.223294e+12
1.420000e+00,elastic_kinetic_energy,1.771751e+11
1.420000e+00,momentumX,1.564087e+10
1.420000e+00,momentumY,4.532122e+09
1.420000e+00,momentumZ,3.422132e+09
1.420000e+00,plastic_moment,0.000000e+00
1.420000e+00,total_frictional_work,1.449949e+12
1.420000e+00,static_frictional_work,1.059218e+12
1.420000e+00,seismic_moment,4.641353e+15
1.420000e+00,potency,4.227501e+05
1.420000e+00,plastic_moment,0.000000e+00
1.430000e+00,gravitational_energy,0.000000e+00
1.430000e+00,acoustic_energy,0.000000e+00
1.430000e+00,acoustic_kinetic_energy,0.000000e+00
1.430000e+00,elastic_energy,1.231477e+12
1.430000e+00,elastic_kinetic_energy,1.780273e+11
1.430000e+00,momentumX,1.627404e+10
1.430000e+00,momentumY,4.675292e+09
1.430000e+00,momentumZ,3.469981e+09
1.430000e+00,plastic_moment,0.000000e+00
1.430000e+00,total_frictional_work,1.459771e+12
1.430000e+00,static_frictional_work,1.066368e+12
1.430000e+00,seismic_moment,4.665773e+15
1.430000e+00,potency,4.259377e+05
1.430000e+00,plastic_moment,0.000000e+00
1.440000e+00,gravitational_energy,0.000000e+00
1.440000e+00,acoustic_energy,0.000000e+00
1.440000e+00,acoustic_kinetic_energy,0.000000e+00
1.440000e+00,elastic_energy,1.239639e+12
1.440000e+00,elastic_kinetic_energy,1.788153e+11
1.440000e+00,momentumX,1.688447e+10
1.440000e+00,momentumY,4.755089e+09
1.440000e+00,momentumZ,3.511999e+09
1.440000e+00,plastic_moment,0.000000e+00
1.440000e+00,total_frictional_work,1.469535e+12
1.440000e+00,static_frictional_work,1.072733e+12
1.440000e+00,seismic_moment,4.690001e+15
1.440000e+00,potency,4.291223e+05
1.440000e+00,plastic_moment,0.000000e+00
1.450000e+00,gravitational_energy,0.000000e+00
1.450000e+00,acoustic_energy,0.000000e+00
1.450000e+00,acoustic_kinetic_energy,0.000000e+00
1.450000e+00,elastic_energy,1.247771e+12
1.450000e+00,elastic_kinetic_energy,1.795097e+11
1.450000e+00,momentumX,1.749532e+10
1.450000e+00,momentumY,4.765652e+09
1.450000e+00,momentumZ,3.549763e+09
1.450000e+00,plastic_moment,0.000000e+00
1.450000e+00,total_frictional_work,1.479213e+12
1.450000e+00,static_frictional_work,1.079308e+12
1.450000e+00,seismic_moment,4.714057e+15
1.450000e+00,potency,4.323061e+05
1.450000e+00,plastic_moment,0.000000e+00
1.460000e+00,gravitational_energy,0.000000e+00
1.460000e+00,acoustic_energy,0.000000e+00
1.460000e+00,acoustic_kinetic_energy,0.000000e+00
1.460000e+00,elastic_energy,1.256358e+12
1.460000e+00,elastic_kinetic_energy,1.791811e+11
1.460000e+00,momentumX,1.813394e+10
1.460000e+00,momentumY,4.708619e+09
1.460000e+00,momentumZ,3.584934e+09
1.460000e+00,plastic_moment,0.000000e+00
1.460000e+00,total_frictional_work,1.488334e+12
1.460000e+00,static_frictional_work,1.085313e+12
1.460000e+00,seismic_moment,4.736408e+15
1.460000e+00,potency,4.352788e+05
1.460000e+00,plastic_moment,0.000000e+00
1.470000e+00,gravitational_energy,0.000000e+00
1.470000e+00,acoustic_energy,0.000000e+00
1.470000e+00,acoustic_kinetic_energy,0.000000e+00
1.470000e+00,elastic_energy,1.264469e+12
1.470000e+00,elastic_kinetic_energy,1.783052e+11
1.470000e+00,momentumX,1.882819e+10
1.470000e+00,momentumY,4.593133e+09
1.470000e+00,momentumZ,3.618851e+09
1.470000e+00,plastic_moment,0.000000e+00
1.470000e+00,total_frictional_work,1.496465e+12
1.470000e+00,static_frictional_work,1.090277e+12
1.470000e+00,seismic_moment,4.756157e+15
1.470000e+00,potency,4.379148e+05
1.470000e+00,plastic_moment,0.000000e+00
1.480000e+00,gravitational_energy,0.000000e+00
1.480000e+00,acoustic_energy,0.000000e+00
1.480000e+00,acoustic_kinetic_energy,0.000000e+00
1.480000e+00,elastic_energy,1.271895e+12
1.480000e+00,elastic_kinetic_energy,1.771466e+11
1.480000e+00,momentumX,1.960244e+10
1.480000e+00,momentumY,4.433097e+09
1.480000e+00,momentumZ,3.652229e+09
1.480000e+00,plastic_moment,0.000000e+00
1.480000e+00,total_frictional_work,1.503599e+12
1.480000e+00,static_frictional_work,1.094350e+12
1.480000e+00,seismic_moment,4.773360e+15
1.480000e+00,potency,4.402203e+05
1.480000e+00,plastic_moment,0.000000e+00
1.490000e+00,gravitational_energy,0.000000e+00
1.490000e+00,acoustic_energy,0.000000e+00
1.490000e+00,acoustic_kinetic_energy,0.000000e+00
1.490000e+00,elastic_energy,1.278570e+12
1.490000e+00,elastic_kinetic_energy,1.758045e+11
1.490000e+00,momentumX,2.047447e+10
1.490000e+00,momentumY,4.242426e+09
1.490000e+00,momentumZ,3.685053e+09
1.490000e+00,plastic_moment,0.000000e+00
1.490000e+00,total_frictional_work,1.509770e+12
1.490000e+00,static_frictional_work,1.098099e+12
1.490000e+00,seismic_moment,4.788222e+15
1.490000e+00,potency,4.422281e+05
1.490000e+00,plastic_moment,0.000000e+00
1.500000e+00,gravitational_energy,0.000000e+00
1.500000e+00,acoustic_energy,0.000000e+00
1.500000e+00,acoustic_kinetic_energy,0.000000e+00
1.500000e+00,elastic_energy,1.284443e+12
1.500000e+00,elastic_kinetic_energy,1.742780e+11
1.500000e+00,momentumX,2.145411e+10
1.500000e+00,momentumY,4.029866e+09
1.500000e+00,momentumZ,3.716657e+09
1.500000e+00,plastic_moment,0.000000e+00
1.500000e+00,total_frictional_work,1.514938e+12
1.500000e+00,static_frictional_work,1.101415e+12
1.500000e+00,seismic_moment,4.800793e+15
1.500000e+00,potency,4.439366e+05
1.500000e+00,plastic_moment,0.000000e+00
1.510000e+00,gravitational_energy,0.000000e+00
1.510000e+00,acoustic_energy,0.000000e+00
1.510000e+00,acoustic_kinetic_energy,0.000000e+00
1.510000e+00,elastic_energy,1.289602e+12
1.510000e+00,elastic_kinetic_energy,1.726707e+11
1.510000e+00,momentumX,2.254348e+10
1.510000e+00,momentumY,3.795116e+09
1.510000e+00,momentumZ,3.745967e+09
1.510000e+00,plastic_moment,0.000000e+00
1.510000e+00,total_frictional_work,1.519303e+12
1.510000e+00,static_frictional_work,1.104342e+12
1.510000e+00,seismic_moment,4.811321e+15
1.510000e+00,potency,4.453653e+05
1.510000e+00,plastic_moment,0.000000e+00
1.520000e+00,gravitational_energy,0.000000e+00
1.520000e+00,acoustic_energy,0.000000e+00
1.520000e+00,acoustic_kinetic_energy,0.000000e+00
1.520000e+00,elastic_energy,1.294098e+12
1.520000e+00,elastic_kinetic_energy,1.709640e+11
1.520000e+00,momentumX,2.373842e+10
1.520000e+00,momentumY,3.527456e+09
1.520000e+00,momentumZ,3.771878e+09
1.520000e+00,plastic_moment,0.000000e+00
1.520000e+00,total_frictional_work,1.522910e+12
1.520000e+00,static_frictional_work,1.106551e+12
1.520000e+00,seismic_moment,4.820036e+15
1.520000e+00,potency,4.465433e+05
1.520000e+00,plastic_moment,0.000000e+00
1.530000e+00,gravitational_energy,0.000000e+00
1.530000e+00,acoustic_energy,0.000000e+00
1.530000e+00,acoustic_kinetic_energy,0.000000e+00
1.530000e+00,elastic_energy,1.297950e+12
1.530000e+00,elastic_kinetic_energy,1.691385e+11
1.530000e+00,momentumX,2.503024e+10
1.530000e+00,momentumY,3.207201e+09
1.530000e+00,momentumZ,3.793756e+09
1.530000e+00,plastic_moment,0.000000e+00
1.530000e+00,total_frictional_work,1.525757e+12
1.530000e+00,static_frictional_work,1.107999e+12
1.530000e+00,seismic_moment,4.827136e+15
1.530000e+00,potency,4.475001e+05
1.530000e+00,plastic_moment,0.000000e+00
1.540000e+00,gravitational_energy,0.000000e+00
1.540000e+00,acoustic_energy,0.000000e+00
1.540000e+00,acoustic_kinetic_energy,0.000000e+00
1.540000e+00,elastic_energy,1.301095e+12
1.540000e+00,elastic_kinetic_energy,1.672636e+11
1.540000e+00,momentumX,2.640735e+10
1.540000e+00,momentumY,2.809504e+09
1.540000e+00,momentumZ,3.811922e+09
1.540000e+00,plastic_moment,0.000000e+00
1.540000e+00,total_frictional_work,1.527846e+12
1.540000e+00,static_frictional_work,1.109119e+12
1.540000e+00,seismic_moment,4.832459e+15
1.540000e+00,potency,4.482147e+05
1.540000e+00,plastic_moment,0.000000e+00
1.550000e+00,gravitational_energy,0.000000e+00
1.550000e+00,acoustic_energy,0.000000e+00
1.550000e+00,acoustic_kinetic_energy,0.000000e+00
1.550000e+00,elastic_energy,1.303489e+12
1.550000e+00,elastic_kinetic_energy,1.654397e+11
1.550000e+00,momentumX,2.785648e+10
1.550000e+00,momentumY,2.309512e+09
1.550000e+00,momentumZ,3.827918e+09
1.550000e+00,plastic_moment,0.000000e+00
1.550000e+00,total_frictional_work,1.529236e+12
1.550000e+00,static_frictional_work,1.110126e+12
1.550000e+00,seismic_moment,4.836029e+15
1.550000e+00,potency,4.486905e+05
1.550000e+00,plastic_moment,0.000000e+00
1.560000e+00,gravitational_energy,0.000000e+00
1.560000e+00,acoustic_energy,0.000000e+00
1.560000e+00,acoustic_kinetic_energy,0.000000e+00
1.560000e+00,elastic_energy,1.305070e+12
1.560000e+00,elastic_kinetic_energy,1.639405e+11
1.560000e+00,momentumX,2.936350e+10
1.560000e+00,momentumY,1.687639e+09
1.560000e+00,momentumZ,3.844442e+09
1.560000e+00,plastic_moment,0.000000e+00
1.560000e+00,total_frictional_work,1.530130e+12
1.560000e+00,static_frictional_work,1.111466e+12
1.560000e+00,seismic_moment,4.838456e+15
1.560000e+00,potency,4.490078e+05
1.560000e+00,plastic_moment,0.000000e+00
1.570000e+00,gravitational_energy,0.000000e+00
1.570000e+00,acoustic_energy,0.000000e+00
1.570000e+00,acoustic_kinetic_energy,0.000000e+00
1.570000e+00,elastic_energy,1.306003e+12
1.570000e+00,elastic_kinetic_energy,1.628177e+11
1.570000e+00,momentumX,3.091416e+10
1.570000e+00,momentumY,9.337896e+08
1.570000e+00,momentumZ,3.865039e+09
1.570000e+00,plastic_moment,0.000000e+00
1.570000e+00,total_frictional_work,1.530728e+12
1.570000e+00,static_frictional_work,1.112757e+12
1.570000e+00,seismic_moment,4.840235e+15
1.570000e+00,potency,4.492373e+05
1.570000e+00,plastic_moment,0.000000e+00
1.580000e+00,gravitational_energy,0.000000e+00
1.580000e+00,acoustic_energy,0.000000e+00
1.580000e+00,acoustic_kinetic_energy,0.000000e+00
1.580000e+00,elastic_energy,1.306589e+12
1.580000e+00,elastic_kinetic_energy,1.618551e+11
1.580000e+00,momentumX,3.249495e+10
1.580000e+00,momentumY,4.957052e+07
1.580000e+00,momentumZ,3.893739e+09
1.580000e+00,plastic_moment,0.000000e+00
1.580000e+00,total_frictional_work,1.531139e+12
1.580000e+00,static_frictional_work,1.113954e+12
1.580000e+00,seismic_moment,4.841572e+15
1.580000e+00,potency,4.494106e+05
1.580000e+00,plastic_moment,0.000000e+00
1.590000e+00,gravitational_energy,0.000000e+00
1.590000e+00,acoustic_energy,0.000000e+00
1.590000e+00,acoustic_kinetic_energy,0.000000e+00
1.590000e+00,elastic_energy,1.306967e+12
1.590000e+00,elastic_kinetic_energy,1.609920e+11
1.590000e+00,momentumX,3.409399e+10
1.590000e+00,momentumY,-9.519227e+08
1.590000e+00,momentumZ,3.934787e+09
1.590000e+00,plastic_moment,0.000000e+00
1.590000e+00,total_frictional_work,1.531459e+12
1.590000e+00,static_frictional_work,1.114625e+12
1.590000e+00,seismic_moment,4.842685e+15
1.590000e+00,potency,4.495546e+05
1.590000e+00,plastic_moment,0.000000e+00
1.600000e+00,gravitational_energy,0.000000e+00
1.600000e+00,acoustic_energy,0.000000e+00
1.600000e+00,acoustic_kinetic_energy,0.000000e+00
1.600000e+00,elastic_energy,1.307154e+12
1.600000e+00,elastic_kinetic_energy,1.602435e+11
1.600000e+00,momentumX,3.570177e+10
1.600000e+00,momentumY,-2.048609e+09
1.600000e+00,momentumZ,3.992395e+09
1.600000e+00,plastic_moment,0.000000e+00
1.600000e+00,total_frictional_work,1.531699e+12
1.600000e+00,static_frictional_work,1.115364e+12
1.600000e+00,seismic_moment,4.843609e+15
1.600000e+00,potency,4.496740e+05
1.600000e+00,plastic_moment,0.000000e+00
1.610000e+00,gravitational_energy,0.000000e+00
1.610000e+00,acoustic_energy,0.000000e+00
1.610000e+00,acoustic_kinetic_energy,0.000000e+00
1.610000e+00,elastic_energy,1.307262e+12
1.610000e+00,elastic_kinetic_energy,1.595139e+11
1.610000e+00,momentumX,3.731152e+10
1.610000e+00,momentumY,-3.213476e+09
1.610000e+00,momentumZ,4.070336e+09
1.610000e+00,plastic_moment,0.000000e+00
1.610000e+00,total_frictional_work,1.531884e+12
1.610000e+00,static_frictional_work,1.116642e+12
1.610000e+00,seismic_moment,4.844390e+15
1.610000e+00,potency,4.497742e+05
1.610000e+00,plastic_moment,0.000000e+00
1.620000e+00,gravitational_energy,0.000000e+00
1.620000e+00,acoustic_energy,0.000000e+00
1.620000e+00,acoustic_kinetic_energy,0.000000e+00
1.620000e+00,elastic_energy,1.307287e+12
1.620000e+00,elastic_kinetic_energy,1.588091e+11
1.620000e+00,momentumX,3.891894e+10
1.620000e+00,momentumY,-4.419126e+09
1.620000e+00,momentumZ,4.171265e+09
1.620000e+00,plastic_moment,0.000000e+00
1.620000e+00,total_frictional_work,1.532024e+12
1.620000e+00,static_frictional_work,1.117848e+12
1.620000e+00,seismic_moment,4.845055e+15
1.620000e+00,potency,4.498576e+05
1.620000e+00,plastic_moment,0.000000e+00
1.630000e+00,gravitational_energy,0.000000e+00
1.630000e+00,acoustic_energy,0.000000e+00
1.630000e+00,acoustic_kinetic_energy,0.000000e+00
1.630000e+00,elastic_energy,1.307213e+12
1.630000e+00,elastic_kinetic_energy,1.581491e+11
1.630000e+00,momentumX,4.052131e+10
1.630000e+00,momentumY,-5.641668e+09
1.630000e+00,momentumZ,4.295836e+09
1.630000e+00,plastic_moment,0.000000e+00
1.630000e+00,total_frictional_work,1.532122e+12
1.630000e+00,static_frictional_work,1.119449e+12
1.630000e+00,seismic_moment,4.845619e+15
1.630000e+00,potency,4.499263e+05
1.630000e+00,plastic_moment,0.000000e+00
1.640000e+00,gravitational_energy,0.000000e+00
1.640000e+00,acoustic_energy,0.000000e+00
1.640000e+00,acoustic_kinetic_energy,0.000000e+00
1.640000e+00,elastic_energy,1.307089e+12
1.640000e+00,elastic_kinetic_energy,1.575141e+11
1.640000e+00,momentumX,4.211626e+10
1.640000e+00,momentumY,-6.863100e+09
1.640000e+00,momentumZ,4.441929e+09
1.640000e+00,plastic_moment,0.000000e+00
1.640000e+00,total_frictional_work,1.532185e+12
1.640000e+00,static_frictional_work,1.120204e+12
1.640000e+00,seismic_moment,4.846104e+15
1.640000e+00,potency,4.499849e+05
1.640000e+00,plastic_moment,0.000000e+00
1.650000e+00,gravitational_energy,0.000000e+00
1.650000e+00,acoustic_energy,0.000000e+00
1.650000e+00,acoustic_kinetic_energy,0.000000e+00
1.650000e+00,elastic_energy,1.306927e+12
1.650000e+00,elastic_kinetic_energy,1.568976e+11
1.650000e+00,momentumX,4.370063e+10
1.650000e+00,momentumY,-8.071783e+09
1.650000e+00,momentumZ,4.604419e+09
1.650000e+00,plastic_moment,0.000000e+00
1.650000e+00,total_frictional_work,1.532224e+12
1.650000e+00,static_frictional_work,1.119746e+12
1.650000e+00,seismic_moment,4.846531e+15
1.650000e+00,potency,4.500363e+05
1.650000e+00,plastic_moment,0.000000e+00
1.660000e+00,gravitational_energy,0.000000e+00
1.660000e+00,acoustic_energy,0.000000e+00
1.660000e+00,acoustic_kinetic_energy,0.000000e+00
1.660000e+00,elastic_energy,1.306649e+12
1.660000e+00,elastic_kinetic_energy,1.563837e+11
1.660000e+00,momentumX,4.526991e+10
1.660000e+00,momentumY,-9.261244e+09
1.660000e+00,momentumZ,4.775851e+09
1.660000e+00,plastic_moment,0.000000e+00
1.660000e+00,total_frictional_work,1.532256e+12
1.660000e+00,static_frictional_work,1.120126e+12
1.660000e+00,seismic_moment,4.846926e+15
1.660000e+00,potency,4.500835e+05
1.660000e+00,plastic_moment,0.000000e+00
1.670000e+00,gravitational_energy,0.000000e+00
1.670000e+00,acoustic_energy,0.000000e+00
1.670000e+00,acoustic_kinetic_energy,0.000000e+00
1.670000e+00,elastic_energy,1.306264e+12
1.670000e+00,elastic_kinetic_energy,1.559668e+11
1.670000e+00,momentumX,4.681853e+10
1.670000e+00,momentumY,-1.042810e+10
1.670000e+00,momentumZ,4.948023e+09
1.670000e+00,plastic_moment,0.000000e+00
1.670000e+00,total_frictional_work,1.532275e+12
1.670000e+00,static_frictional_work,1.121653e+12
1.670000e+00,seismic_moment,4.847285e+15
1.670000e+00,potency,4.501259e+05
1.670000e+00,plastic_moment,0.000000e+00
1.680000e+00,gravitational_energy,0.000000e+00
1.680000e+00,acoustic_energy,0.000000e+00
1.680000e+00,acoustic_kinetic_energy,0.000000e+00
1.680000e+00,elastic_energy,1.305883e+12
1.680000e+00,elastic_kinetic_energy,1.555347e+11
1.680000e+00,momentumX,4.834113e+10
1.680000e+00,momentumY,-1.157011e+10
1.680000e+00,momentumZ,5.114033e+09
1.680000e+00,plastic_moment,0.000000e+00
1.680000e+00,total_frictional_work,1.532285e+12
1.680000e+00,static_frictional_work,1.123962e+12
1.680000e+00,seismic_moment,4.847613e+15
1.680000e+00,potency,4.501642e+05
1.680000e+00,plastic_moment,0.000000e+00
1.690000e+00,gravitational_energy,0.000000e+00
1.690000e+00,acoustic_energy,0.000000e+00
1.690000e+00,acoustic_kinetic_energy,0.000000e+00
1.690000e+00,elastic_energy,1.305633e+12
1.690000e+00,elastic_kinetic_energy,1.549718e+11
1.690000e+00,momentumX,4.983429e+10
1.690000e+00,momentumY,-1.268536e+10
1.690000e+00,momentumZ,5.269988e+09
1.690000e+00,plastic_moment,0.000000e+00
1.690000e+00,total_frictional_work,1.532291e+12
1.690000e+00,static_frictional_work,1.126832e+12
1.690000e+00,seismic_moment,4.847917e+15
1.690000e+00,potency,4.501997e+05
1.690000e+00,plastic_moment,0.000000e+00
1.700000e+00,gravitational_energy,0.000000e+00
1.700000e+00,acoustic_energy,0.000000e+00
1.700000e+00,acoustic_kinetic_energy,0.000000e+00
1.700000e+00,elastic_energy,1.305583e+12
1.700000e+00,elastic_kinetic_energy,1.542064e+11
1.700000e+00,momentumX,5.129841e+10
1.700000e+00,momentumY,-1.377272e+10
1.700000e+00,momentumZ,5.415653e+09
1.700000e+00,plastic_moment,0.000000e+00
1.700000e+00,total_frictional_work,1.532295e+12
1.700000e+00,static_frictional_work,1.129733e+12
1.700000e+00,seismic_moment,4.848201e+15
1.700000e+00,potency,4.502330e+05
1.700000e+00,plastic_moment,0.000000e+00
1.710000e+00,gravitational_energy,0.000000e+00
1.710000e+00,acoustic_energy,0.000000e+00
1.710000e+00,acoustic_kinetic_energy,0.000000e+00
1.710000e+00,elastic_energy,1.305720e+12
1.710000e+00,elastic_kinetic_energy,1.532481e+11
1.710000e+00,momentumX,5.273923e+10
1.710000e+00,momentumY,-1.483322e+10
1.710000e+00,momentumZ,5.553888e+09
1.710000e+00,plastic_moment,0.000000e+00
1.710000e+00,total_frictional_work,1.532298e+12
1.710000e+00,static_frictional_work,1.132438e+12
1.710000e+00,seismic_moment,4.848471e+15
1.710000e+00,potency,4.502646e+05
1.710000e+00,plastic_moment,0.000000e+00
1.720000e+00,gravitational_energy,0.000000e+00
1.720000e+00,acoustic_energy,0.000000e+00
1.720000e+00,acoustic_kinetic_energy,0.000000e+00
1.720000e+00,elastic_energy,1.305886e+12
1.720000e+00,elastic_kinetic_energy,1.522611e+11
1.720000e+00,momentumX,5.416867e+10
1.720000e+00,momentumY,-1.587123e+10
1.720000e+00,momentumZ,5.689365e+09
1.720000e+00,plastic_moment,0.000000e+00
1.720000e+00,total_frictional_work,1.532301e+12
1.720000e+00,static_frictional_work,1.134706e+12
1.720000e+00,seismic_moment,4.848733e+15
1.720000e+00,potency,4.502953e+05
1.720000e+00,plastic_moment,0.000000e+00
1.730000e+00,gravitational_energy,0.000000e+00
1.730000e+00,acoustic_energy,0.000000e+00
1.730000e+00,acoustic_kinetic_energy,0.000000e+00
1.730000e+00,elastic_energy,1.305876e+12
1.730000e+00,elastic_kinetic_energy,1.514488e+11
1.730000e+00,momentumX,5.560470e+10
1.730000e+00,momentumY,-1.689445e+10
1.730000e+00,momentumZ,5.827412e+09
1.730000e+00,plastic_moment,0.000000e+00
1.730000e+00,total_frictional_work,1.532304e+12
1.730000e+00,static_frictional_work,1.137056e+12
1.730000e+00,seismic_moment,4.848985e+15
1.730000e+00,potency,4.503249e+05
1.730000e+00,plastic_moment,0.000000e+00
1.740000e+00,gravitational_energy,0.000000e+00
1.740000e+00,acoustic_energy,0.000000e+00
1.740000e+00,acoustic_kinetic_energy,0.000000e+00
1.740000e+00,elastic_energy,1.305559e+12
1.740000e+00,elastic_kinetic_energy,1.509414e+11
1.740000e+00,momentumX,5.706997e+10
1.740000e+00,momentumY,-1.791297e+10
1.740000e+00,momentumZ,5.973548e+09
1.740000e+00,plastic_moment,0.000000e+00
1.740000e+00,total_frictional_work,1.532307e+12
1.740000e+00,static_frictional_work,1.139024e+12
1.740000e+00,seismic_moment,4.849236e+15
1.740000e+00,potency,4.503543e+05
1.740000e+00,plastic_moment,0.000000e+00
1.750000e+00,gravitational_energy,0.000000e+00
1.750000e+00,acoustic_energy,0.000000e+00
1.750000e+00,acoustic_kinetic_energy,0.000000e+00
1.750000e+00,elastic_energy,1.304950e+12
1.750000e+00,elastic_kinetic_energy,1.507115e+11
1.750000e+00,momentumX,5.858944e+10
1.750000e+00,momentumY,-1.893789e+10
1.750000e+00,momentumZ,6.133653e+09
1.750000e+00,plastic_moment,0.000000e+00
1.750000e+00,total_frictional_work,1.532310e+12
1.750000e+00,static_frictional_work,1.141097e+12
1.750000e+00,seismic_moment,4.849492e+15
1.750000e+00,potency,4.503836e+05
1.750000e+00,plastic_moment,0.000000e+00
1.760000e+00,gravitational_energy,0.000000e+00
1.760000e+00,acoustic_energy,0.000000e+00
1.760000e+00,acoustic_kinetic_energy,0.000000e+00
1.760000e+00,elastic_energy,1.304162e+12
1.760000e+00,elastic_kinetic_energy,1.506518e+11
1.760000e+00,momentumX,6.018726e+10
1.760000e+00,momentumY,-1.998035e+10
1.760000e+00,momentumZ,6.314189e+09
1.760000e+00,plastic_moment,0.000000e+00
1.760000e+00,total_frictional_work,1.532319e+12
1.760000e+00,static_frictional_work,1.141620e+12
1.760000e+00,seismic_moment,4.849756e+15
1.760000e+00,potency,4.504135e+05
1.760000e+00,plastic_moment,0.000000e+00
1.770000e+00,gravitational_energy,0.000000e+00
1.770000e+00,acoustic_energy,0.000000e+00
1.770000e+00,acoustic_kinetic_energy,0.000000e+00
1.770000e+00,elastic_energy,1.303340e+12
1.770000e+00,elastic_kinetic_energy,1.506372e+11
1.770000e+00,momentumX,6.188377e+10
1.770000e+00,momentumY,-2.105074e+10
1.770000e+00,momentumZ,6.521846e+09
1.770000e+00,plastic_moment,0.000000e+00
1.770000e+00,total_frictional_work,1.532323e+12
1.770000e+00,static_frictional_work,1.138638e+12
1.770000e+00,seismic_moment,4.850031e+15
1.770000e+00,potency,4.504441e+05
1.770000e+00,plastic_moment,0.000000e+00
1.780000e+00,gravitational_energy,0.000000e+00
1.780000e+00,acoustic_energy,0.000000e+00
1.780000e+00,acoustic_kinetic_energy,0.000000e+00
1.780000e+00,elastic_energy,1.302574e+12
1.780000e+00,elastic_kinetic_energy,1.505619e+11
1.780000e+00,momentumX,6.369286e+10
1.780000e+00,momentumY,-2.215757e+10
1.780000e+00,momentumZ,6.762380e+09
1.780000e+00,plastic_moment,0.000000e+00
1.780000e+00,total_frictional_work,1.532330e+12
1.780000e+00,static_frictional_work,1.135148e+12
1.780000e+00,seismic_moment,4.850322e+15
1.780000e+00,potency,4.504755e+05
1.780000e+00,plastic_moment,0.000000e+00
1.790000e+00,gravitational_energy,0.000000e+00
1.790000e+00,acoustic_energy,0.000000e+00
1.790000e+00,acoustic_kinetic_energy,0.000000e+00
1.790000e+00,elastic_energy,1.301857e+12
1.790000e+00,elastic_kinetic_energy,1.504319e+11
1.790000e+00,momentumX,6.562005e+10
1.790000e+00,momentumY,-2.330536e+10
1.790000e+00,momentumZ,7.039080e+09
1.790000e+00,plastic_moment,0.000000e+00
1.790000e+00,total_frictional_work,1.532343e+12
1.790000e+00,static_frictional_work,1.132959e+12
1.790000e+00,seismic_moment,4.850623e+15
1.790000e+00,potency,4.505070e+05
1.790000e+00,plastic_moment,0.000000e+00
1.800000e+00,gravitational_energy,0.000000e+00
1.800000e+00,acoustic_energy,0.000000e+00
1.800000e+00,acoustic_kinetic_energy,0.000000e+00
1.800000e+00,elastic_energy,1.301106e+12
1.800000e+00,elastic_kinetic_energy,1.503279e+11
1.800000e+00,momentumX,6.766155e+10
1.800000e+00,momentumY,-2.449235e+10
1.800000e+00,momentumZ,7.351818e+09
1.800000e+00,plastic_moment,0.000000e+00
1.800000e+00,total_frictional_work,1.532355e+12
1.800000e+00,static_frictional_work,1.132110e+12
1.800000e+00,seismic_moment,4.850928e+15
1.800000e+00,potency,4.505380e+05
1.800000e+00,plastic_moment,0.000000e+00
1.810000e+00,gravitational_energy,0.000000e+00
1.810000e+00,acoustic_energy,0.000000e+00
1.810000e+00,acoustic_kinetic_energy,0.000000e+00
1.810000e+00,elastic_energy,1.300288e+12
1.810000e+00,elastic_kinetic_energy,1.502842e+11
1.810000e+00,momentumX,6.980432e+10
1.810000e+00,momentumY,-2.570902e+10
1.810000e+00,momentumZ,7.697608e+09
1.810000e+00,plastic_moment,0.000000e+00
1.810000e+00,total_frictional_work,1.532372e+12
1.810000e+00,static_frictional_work,1.131590e+12
1.810000e+00,seismic_moment,4.851234e+15
1.810000e+00,potency,4.505687e+05
1.810000e+00,plastic_moment,0.000000e+00
1.820000e+00,gravitational_energy,0.000000e+00
1.820000e+00,acoustic_energy,0.000000e+00
1.820000e+00,acoustic_kinetic_energy,0.000000e+00
1.820000e+00,elastic_energy,1.299486e+12
1.820000e+00,elastic_kinetic_energy,1.502329e+11
1.820000e+00,momentumX,7.202754e+10
1.820000e+00,momentumY,-2.693829e+10
1.820000e+00,momentumZ,8.072953e+09
1.820000e+00,plastic_moment,0.000000e+00
1.820000e+00,total_frictional_work,1.532405e+12
1.820000e+00,static_frictional_work,1.130584e+12
1.820000e+00,seismic_moment,4.851577e+15
1.820000e+00,potency,4.506007e+05
1.820000e+00,plastic_moment,0.000000e+00
1.830000e+00,gravitational_energy,0.000000e+00
1.830000e+00,acoustic_energy,0.000000e+00
1.830000e+00,acoustic_kinetic_energy,0.000000e+00
1.830000e+00,elastic_energy,1.298785e+12
1.830000e+00,elastic_kinetic_energy,1.500796e+11
1.830000e+00,momentumX,7.430485e+10
1.830000e+00,momentumY,-2.815681e+10
1.830000e+00,momentumZ,8.477124e+09
1.830000e+00,plastic_moment,0.000000e+00
1.830000e+00,total_frictional_work,1.532452e+12
1.830000e+00,static_frictional_work,1.129746e+12
1.830000e+00,seismic_moment,4.851960e+15
1.830000e+00,potency,4.506334e+05
1.830000e+00,plastic_moment,0.000000e+00
1.840000e+00,gravitational_energy,0.000000e+00
1.840000e+00,acoustic_energy,0.000000e+00
1.840000e+00,acoustic_kinetic_energy,0.000000e+00
1.840000e+00,elastic_energy,1.298182e+12
1.840000e+00,elastic_kinetic_energy,1.497997e+11
1.840000e+00,momentumX,7.660681e+10
1.840000e+00,momentumY,-2.933628e+10
1.840000e+00,momentumZ,8.914770e+09
1.840000e+00,plastic_moment,0.000000e+00
1.840000e+00,total_frictional_work,1.532477e+12
1.840000e+00,static_frictional_work,1.129844e+12
1.840000e+00,seismic_moment,4.852238e+15
1.840000e+00,potency,4.506611e+05
1.840000e+00,plastic_moment,0.000000e+00
1.850000e+00,gravitational_energy,0.000000e+00
1.850000e+00,acoustic_energy,0.000000e+00
1.850000e+00,acoustic_kinetic_energy,0.000000e+00
1.850000e+00,elastic_energy,1.297706e+12
1.850000e+00,elastic_kinetic_energy,1.493564e+11
1.850000e+00,momentumX,7.890294e+10
1.850000e+00,momentumY,-3.044377e+10
1.850000e+00,momentumZ,9.396281e+09
1.850000e+00,plastic_moment,0.000000e+00
1.850000e+00,total_frictional_work,1.532502e+12
1.850000e+00,static_frictional_work,1.130566e+12
1.850000e+00,seismic_moment,4.852507e+15
1.850000e+00,potency,4.506878e+05
1.850000e+00,plastic_moment,0.000000e+00
1.860000e+00,gravitational_energy,0.000000e+00
1.860000e+00,acoustic_energy,0.000000e+00
1.860000e+00,acoustic_kinetic_energy,0.000000e+00
1.860000e+00,elastic_energy,1.297280e+12
1.860000e+00,elastic_kinetic_energy,1.488494e+11
1.860000e+00,momentumX,8.116368e+10
1.860000e+00,momentumY,-3.144123e+10
1.860000e+00,momentumZ,9.935318e+09
1.860000e+00,plastic_moment,0.000000e+00
1.860000e+00,total_frictional_work,1.532513e+12
1.860000e+00,static_frictional_work,1.131853e+12
1.860000e+00,seismic_moment,4.852724e+15
1.860000e+00,potency,4.507108e+05
1.860000e+00,plastic_moment,0.000000e+00
1.870000e+00,gravitational_energy,0.000000e+00
1.870000e+00,acoustic_energy,0.000000e+00
1.870000e+00,acoustic_kinetic_energy,0.000000e+00
1.870000e+00,elastic_energy,1.296891e+12
1.870000e+00,elastic_kinetic_energy,1.482989e+11
1.870000e+00,momentumX,8.336251e+10
1.870000e+00,momentumY,-3.228480e+10
1.870000e+00,momentumZ,1.054422e+10
1.870000e+00,plastic_moment,0.000000e+00
1.870000e+00,total_frictional_work,1.532515e+12
1.870000e+00,static_frictional_work,1.133336e+12
1.870000e+00,seismic_moment,4.852908e+15
1.870000e+00,potency,4.507312e+05
1.870000e+00,plastic_moment,0.000000e+00
1.880000e+00,gravitational_energy,0.000000e+00
1.880000e+00,acoustic_energy,0.000000e+00
1.880000e+00,acoustic_kinetic_energy,0.000000e+00
1.880000e+00,elastic_energy,1.296482e+12
1.880000e+00,elastic_kinetic_energy,1.477482e+11
1.880000e+00,momentumX,8.547826e+10
1.880000e+00,momentumY,-3.292497e+10
1.880000e+00,momentumZ,1.122897e+10
1.880000e+00,plastic_moment,0.000000e+00
1.880000e+00,total_frictional_work,1.532515e+12
1.880000e+00,static_frictional_work,1.134816e+12
1.880000e+00,seismic_moment,4.853078e+15
1.880000e+00,potency,4.507506e+05
1.880000e+00,plastic_moment,0.000000e+00
1.890000e+00,gravitational_energy,0.000000e+00
1.890000e+00,acoustic_energy,0.000000e+00
1.890000e+00,acoustic_kinetic_energy,0.000000e+00
1.890000e+00,elastic_energy,1.296047e+12
1.890000e+00,elastic_kinetic_energy,1.472277e+11
1.890000e+00,momentumX,8.749670e+10
1.890000e+00,momentumY,-3.330769e+10
1.890000e+00,momentumZ,1.198550e+10
1.890000e+00,plastic_moment,0.000000e+00
1.890000e+00,total_frictional_work,1.532515e+12
1.890000e+00,static_frictional_work,1.136405e+12
1.890000e+00,seismic_moment,4.853243e+15
1.890000e+00,potency,4.507695e+05
1.890000e+00,plastic_moment,0.000000e+00
1.900000e+00,gravitational_energy,0.000000e+00
1.900000e+00,acoustic_energy,0.000000e+00
1.900000e+00,acoustic_kinetic_energy,0.000000e+00
1.900000e+00,elastic_energy,1.295649e+12
1.900000e+00,elastic_kinetic_energy,1.466438e+11
1.900000e+00,momentumX,8.941025e+10
1.900000e+00,momentumY,-3.337709e+10
1.900000e+00,momentumZ,1.279889e+10
1.900000e+00,plastic_moment,0.000000e+00
1.900000e+00,total_frictional_work,1.532516e+12
1.900000e+00,static_frictional_work,1.137942e+12
1.900000e+00,seismic_moment,4.853404e+15
1.900000e+00,potency,4.507881e+05
1.900000e+00,plastic_moment,0.000000e+00
1.910000e+00,gravitational_energy,0.000000e+00
1.910000e+00,acoustic_energy,0.000000e+00
1.910000e+00,acoustic_kinetic_energy,0.000000e+00
1.910000e+00,elastic_energy,1.295224e+12
1.910000e+00,elastic_kinetic_energy,1.461043e+11
1.910000e+00,momentumX,9.121598e+10
1.910000e+00,momentumY,-3.307983e+10
1.910000e+00,momentumZ,1.364551e+10
1.910000e+00,plastic_moment,0.000000e+00
1.910000e+00,total_frictional_work,1.532516e+12
1.910000e+00,static_frictional_work,1.139308e+12
1.910000e+00,seismic_moment,4.853565e+15
1.910000e+00,potency,4.508066e+05
1.910000e+00,plastic_moment,0.000000e+00
1.920000e+00,gravitational_energy,0.000000e+00
1.920000e+00,acoustic_energy,0.000000e+00
1.920000e+00,acoustic_kinetic_energy,0.000000e+00
1.920000e+00,elastic_energy,1.294843e+12
1.920000e+00,elastic_kinetic_energy,1.455101e+11
1.920000e+00,momentumX,9.291261e+10
1.920000e+00,momentumY,-3.237119e+10
1.920000e+00,momentumZ,1.449760e+10
1.920000e+00,plastic_moment,0.000000e+00
1.920000e+00,total_frictional_work,1.532517e+12
1.920000e+00,static_frictional_work,1.140567e+12
1.920000e+00,seismic_moment,4.853724e+15
1.920000e+00,potency,4.508251e+05
1.920000e+00,plastic_moment,0.000000e+00
1.930000e+00,gravitational_energy,0.000000e+00
1.930000e+00,acoustic_energy,0.000000e+00
1.930000e+00,acoustic_kinetic_energy,0.000000e+00
1.930000e+00,elastic_energy,1.294435e+12
1.930000e+00,elastic_kinetic_energy,1.449456e+11
1.930000e+00,momentumX,9.449814e+10
1.930000e+00,momentumY,-3.122220e+10
1.930000e+00,momentumZ,1.532845e+10
1.930000e+00,plastic_moment,0.000000e+00
1.930000e+00,total_frictional_work,1.532517e+12
1.930000e+00,static_frictional_work,1.141767e+12
1.930000e+00,seismic_moment,4.853882e+15
1.930000e+00,potency,4.508434e+05
1.930000e+00,plastic_moment,0.000000e+00
1.940000e+00,gravitational_energy,0.000000e+00
1.940000e+00,acoustic_energy,0.000000e+00
1.940000e+00,acoustic_kinetic_energy,0.000000e+00
1.940000e+00,elastic_energy,1.294064e+12
1.940000e+00,elastic_kinetic_energy,1.443424e+11
1.940000e+00,momentumX,9.596888e+10
1.940000e+00,momentumY,-2.962566e+10
1.940000e+00,momentumZ,1.611650e+10
1.940000e+00,plastic_moment,0.000000e+00
1.940000e+00,total_frictional_work,1.532517e+12
1.940000e+00,static_frictional_work,1.142816e+12
1.940000e+00,seismic_moment,4.854038e+15
1.940000e+00,potency,4.508615e+05
1.940000e+00,plastic_moment,0.000000e+00
1.950000e+00,gravitational_energy,0.000000e+00
1.950000e+00,acoustic_energy,0.000000e+00
1.950000e+00,acoustic_kinetic_energy,0.000000e+00
1.950000e+00,elastic_energy,1.293705e+12
1.950000e+00,elastic_kinetic_energy,1.437184e+11
1.950000e+00,momentumX,9.731964e+10
1.950000e+00,momentumY,-2.759900e+10
1.950000e+00,momentumZ,1.684727e+10
1.950000e+00,plastic_moment,0.000000e+00
1.950000e+00,total_frictional_work,1.532518e+12
1.950000e+00,static_frictional_work,1.143796e+12
1.950000e+00,seismic_moment,4.854190e+15
1.950000e+00,potency,4.508791e+05
1.950000e+00,plastic_moment,0.000000e+00
1.960000e+00,gravitational_energy,0.000000e+00
1.960000e+00,acoustic_energy,0.000000e+00
1.960000e+00,acoustic_kinetic_energy,0.000000e+00
1.960000e+00,elastic_energy,1.293337e+12
1.960000e+00,elastic_kinetic_energy,1.431012e+11
1.960000e+00,momentumX,9.854443e+10
1.960000e+00,momentumY,-2.518204e+10
1.960000e+00,momentumZ,1.751309e+10
1.960000e+00,plastic_moment,0.000000e+00
1.960000e+00,total_frictional_work,1.532518e+12
1.960000e+00,static_frictional_work,1.144708e+12
1.960000e+00,seismic_moment,4.854339e+15
1.960000e+00,potency,4.508963e+05
1.960000e+00,plastic_moment,0.000000e+00
1.970000e+00,gravitational_energy,0.000000e+00
1.970000e+00,acoustic_energy,0.000000e+00
1.970000e+00,acoustic_kinetic_energy,0.000000e+00
1.970000e+00,elastic_energy,1.293013e+12
1.970000e+00,elastic_kinetic_energy,1.424257e+11
1.970000e+00,momentumX,9.963674e+10
1.970000e+00,momentumY,-2.243002e+10
1.970000e+00,momentumZ,1.811160e+10
1.970000e+00,plastic_moment,0.000000e+00
1.970000e+00,total_frictional_work,1.532519e+12
1.970000e+00,static_frictional_work,1.145473e+12
1.970000e+00,seismic_moment,4.854482e+15
1.970000e+00,potency,4.509128e+05
1.970000e+00,plastic_moment,0.000000e+00
1.980000e+00,gravitational_energy,0.000000e+00
1.980000e+00,acoustic_energy,0.000000e+00
1.980000e+00,acoustic_kinetic_energy,0.000000e+00
1.980000e+00,elastic_energy,1.292637e+12
1.980000e+00,elastic_kinetic_energy,1.418240e+11
1.980000e+00,momentumX,1.005893e+11
1.980000e+00,momentumY,-1.940380e+10
1.980000e+00,momentumZ,1.864418e+10
1.980000e+00,plastic_moment,0.000000e+00
1.980000e+00,total_frictional_work,1.532519e+12
1.980000e+00,static_frictional_work,1.146145e+12
1.980000e+00,seismic_moment,4.854622e+15
1.980000e+00,potency,4.509289e+05
1.980000e+00,plastic_moment,0.000000e+00
1.990000e+00,gravitational_energy,0.000000e+00
1.990000e+00,acoustic_energy,0.000000e+00
1.990000e+00,acoustic_kinetic_energy,0.000000e+00
1.990000e+00,elastic_energy,1.292233e+12
1.990000e+00,elastic_kinetic_energy,1.412636e+11
1.990000e+00,momentumX,1.013929e+11
1.990000e+00,momentumY,-1.616004e+10
1.990000e+00,momentumZ,1.911492e+10
1.990000e+00,plastic_moment,0.000000e+00
1.990000e+00,total_frictional_work,1.532519e+12
1.990000e+00,static_frictional_work,1.146780e+12
1.990000e+00,seismic_moment,4.854755e+15
1.990000e+00,potency,4.509440e+05
1.990000e+00,plastic_moment,0.000000e+00
2.000000e+00,gravitational_energy,0.000000e+00
2.000000e+00,acoustic_energy,0.000000e+00
2.000000e+00,acoustic_kinetic_energy,0.000000e+00
2.000000e+00,elastic_energy,1.291806e+12
2.000000e+00,elastic_kinetic_energy,1.407070e+11
2.000000e+00,momentumX,1.020359e+11
2.000000e+00,momentumY,-1.274389e+10
2.000000e+00,momentumZ,1.953020e+10
2.000000e+00,plastic_moment,0.000000e+00
2.000000e+00,total_frictional_work,1.532520e+12
2.000000e+00,static_frictional_work,1.147326e+12
2.000000e+00,seismic_moment,4.854882e+15
2.000000e+00,potency,4.509585e+05
2.000000e+00,plastic_moment,0.000000e+00
2.010000e+00,gravitational_energy,0.000000e+00
2.010000e+00,acoustic_energy,0.000000e+00
2.010000e+00,acoustic_kinetic_energy,0.000000e+00
2.010000e+00,elastic_energy,1.291326e+12
2.010000e+00,elastic_kinetic_energy,1.402124e+11
2.010000e+00,momentumX,1.025041e+11
2.010000e+00,momentumY,-9.185210e+09
2.010000e+00,momentumZ,1.989822e+10
2.010000e+00,plastic_moment,0.000000e+00
2.010000e+00,total_frictional_work,1.532520e+12
2.010000e+00,static_frictional_work,1.147783e+12
2.010000e+00,seismic_moment,4.855004e+15
2.010000e+00,potency,4.509722e+05
2.010000e+00,plastic_moment,0.000000e+00
2.020000e+00,gravitational_energy,0.000000e+00
2.020000e+00,acoustic_energy,0.000000e+00
2.020000e+00,acoustic_kinetic_energy,0.000000e+00
2.020000e+00,elastic_energy,1.290855e+12
2.020000e+00,elastic_kinetic_energy,1.397056e+11
2.020000e+00,momentumX,1.027823e+11
2.020000e+00,momentumY,-5.498433e+09
2.020000e+00,momentumZ,2.022802e+10
2.020000e+00,plastic_moment,0.000000e+00
2.020000e+00,total_frictional_work,1.532520e+12
2.020000e+00,static_frictional_work,1.148269e+12
2.020000e+00,seismic_moment,4.855119e+15
2.020000e+00,potency,4.509852e+05
2.020000e+00,plastic_moment,0.000000e+00
2.030000e+00,gravitational_energy,0.000000e+00
2.030000e+00,acoustic_energy,0.000000e+00
2.030000e+00,acoustic_kinetic_energy,0.000000e+00
2.030000e+00,elastic_energy,1.290377e+12
2.030000e+00,elastic_kinetic_energy,1.391991e+11
2.030000e+00,momentumX,1.028584e+11
2.030000e+00,momentumY,-1.685276e+09
2.030000e+00,momentumZ,2.052782e+10
2.030000e+00,plastic_moment,0.000000e+00
2.030000e+00,total_frictional_work,1.532520e+12
2.030000e+00,static_frictional_work,1.148686e+12
2.030000e+00,seismic_moment,4.855230e+15
2.030000e+00,potency,4.509976e+05
2.030000e+00,plastic_moment,0.000000e+00
2.040000e+00,gravitational_energy,0.000000e+00
2.040000e+00,acoustic_energy,0.000000e+00
2.040000e+00,acoustic_kinetic_energy,0.000000e+00
2.040000e+00,elastic_energy,1.289895e+12
2.040000e+00,elastic_kinetic_energy,1.386901e+11
2.040000e+00,momentumX,1.027272e+11
2.040000e+00,momentumY,2.260195e+09
2.040000e+00,momentumZ,2.080312e+10
2.040000e+00,plastic_moment,0.000000e+00
2.040000e+00,total_frictional_work,1.532520e+12
2.040000e+00,static_frictional_work,1.148959e+12
2.040000e+00,seismic_moment,4.855336e+15
2.040000e+00,potency,4.510095e+05
2.040000e+00,plastic_moment,0.000000e+00
